–í—Ä–µ–º—è,–¢–µ–∫—Å—Ç,–ü—Ä–æ—Å–º–æ—Ç—Ä—ã,–í–ª–æ–∂–µ–Ω–∏—è
2017-11-04 22:42:30,—Ç–µ—Å—Ç —Ç–µ—Å—Ç,6,
2017-11-04 23:37:32,—á—Ç–æ —ç—Ç–æ?,18,
2017-11-04 23:56:01,[id324836895|–ù–∏–∫–∏—Ç–∞ –ö–µ–ª—å] —Ç—ã –ø–∏–¥–æ—Ä,27,
2017-11-05 00:02:39,"",44,photo
2017-11-05 00:06:08,–ü–æ—á–µ–º—É –¥–µ–≤–æ—á–∫–∏ –∏–∑ 10-—Ö –∫–ª–∞—Å—Å–æ–≤ —Ç–∞–∫–∏–µ —Å–∞—Å–Ω—ã–µ ?,30,
2017-11-05 00:07:22,"–õ—é–±–ª—é –õ–µ–±–µ–¥–µ–≤—É,–µ–±–∞–Ω—ã–π –≤ —Ä–æ—Ç",25,
2017-11-05 00:16:12,–ü—à—à—à—à—à,8,
2017-11-05 00:44:07,Nan iCh√Ær Gelair,30,
2017-11-05 01:10:39,"–ú–∏—Å—Ç–µ—Ä –ë–∞—Ä—Å—É–∫, –≤—ã –∂–∏–≤—ã?",47,
2017-11-05 01:14:11,".........................ÔºèÔºû„ÄÄ„ÄÄ„Éï Ôøº Ôøº Ôøº üíï 
.........................| „ÄÄ_„ÄÄ _ l Ôøº Ôøº Ôøº üíï 
......................Ôºè` „ÉüÔºøx„Éé –º—É—Ä 
...................../„ÄÄ„ÄÄ„ÄÄ„ÄÄ | 
..................../„ÄÄ „ÉΩ„ÄÄ„ÄÄ Ôæâ 
............. ..‚îÇ„ÄÄ„ÄÄ|„ÄÄ|„ÄÄ| 
..........ÔºèÔø£|„ÄÄ„ÄÄ |„ÄÄ|„ÄÄ| 
..........| (Ôø£„ÉΩÔºø_„ÉΩ_)__) 
..........Ôºº‰∫å„Å§",44,
2017-11-05 01:45:58,"–ò—Å—Ç–∏–Ω–∞ —Å–∫—Ä—ã—Ç–∞ –≤ –≥–ª—É–±–∏–Ω–µ –Ω–∞—Å —Å–∞–º–∏—Ö, –Ω—É–∂–Ω–æ –ª–∏—à—å –Ω–∞—É—á–∏—Ç—å—Å—è –µ—ë –Ω–∞—Ö–æ–¥–∏—Ç—å.",11,
2017-11-05 01:50:08,–í–µ—Ç–∞ üíû,70,
2017-11-05 02:18:59,111111,33,
2017-11-05 04:05:39,"–ß—ë, –∞–Ω–∞–Ω–∏–º–Ω–æ—Å—Ç—å, –ø–∞—Ü–∞–Ω—ã?",61,
2017-11-05 05:56:14,"",22,
2017-11-05 06:15:20,"",,photo
2017-11-05 06:21:49,—á—ë –ø–∞—Ü–∞–Ω—ã –∞–Ω–æ–Ω–∏–º–∫–∏,25,
2017-11-05 06:30:13,–ú—è—É.,17,
2017-11-05 06:31:05,–ú–æ–π –∫—Ä–∞—à - –î–∞–ª–ª–æ–Ω –£–∏–∫—Å,44,
2017-11-05 06:50:22,"https://vk.com/id152339094?z=photo-31437772_456260833%2Fwall152339094_115300  250—Ä –ü–µ–¥–∏–∫—é—Ä–Ω—ã–µ –Ω–æ—Å–æ—á–∫–∏ Sosu, 1 –ø–∞—Ä–∞, –õ–∞–≤–∞–Ω–¥–∞",358,photo
2017-11-05 07:10:11,–í –ê–ì3 –≤—Å–µ –ø–µ–¥–∏–∫–∏,85,
2017-11-05 07:35:29,–°–µ–º–ø–∞–π –Ω–æ—Ç–∏—Å –º–∏,15,
2017-11-05 07:43:02,"Hello, world",11,
2017-11-05 08:04:36,"–†–û–°–°–ò–Ø! –õ–£–ß–®–ê–Ø –°–¢–†–ê–ù–ê!!!
(–Ω–æ –Ω–µ –¥–ª—è –∂–∏–∑–Ω–∏)",32,
2017-11-05 08:12:22,"–ù—Ä–∞–≤—è—Ç—Å—è –º–Ω–µ –ª—é–¥–∏, –∫–æ—Ç–æ—Ä—ã–µ –Ω–µ –±–æ—è—Ç—Å—è —Å—Ç–∞—Ä–µ—Ç—å. –≠—Ç–æ —É–º–Ω–∏—Ü—ã –∏ —ç—Ç–æ –≤–æ–∏–Ω—ã. –ë–µ–∑ –ø–æ–¥—Ç—è–∂–µ–∫, –±–µ–∑ –ª–∏–ø–æ—Å–∞–∫—Ü–∏–π, –∑–∞—Ç–æ —Å –º—ã—Å–ª—å—é –≤ –≥–ª–∞–∑–∞—Ö, —Å –≤–Ω—É–∫–∞–º–∏, —Å –∫–æ–Ω–∫—Ä–µ—Ç–Ω—ã–º –¥–µ–ª–æ–º –≤ —Ä—É–∫–∞—Ö. –¢–∞–∫–∏–µ, –±—ã—Ç—å –º–æ–∂–µ—Ç, –∏ —É–º–∏—Ä–∞—Ç—å –Ω–µ –ø–æ–±–æ—è—Ç—Å—è. –•–æ—Ç—è —Å–º–µ—Ä—Ç—å ‚Äì –Ω–µ–ø—Ä–æ—à–µ–Ω–∞—è –¥–∞–º–∞ –∏ –∫–∞–ø—Ä–∏–∑–Ω–∞—è –∏ –Ω–∞–ø—É–≥–∞—Ç—å —Å–ø–æ—Å–æ–±–Ω–∞ –∫–æ–≥–æ —Ö–æ—á–µ—à—å. –ù–æ –≤—Å–µ —Ä–∞–≤–Ω–æ, –µ—Å–ª–∏ —á–µ–ª–æ–≤–µ–∫ –≤—Å—Ç—Ä–µ—á–∞–µ—Ç —Å—Ç–∞—Ä–æ—Å—Ç—å –±–µ–∑ –∏—Å—Ç–µ—Ä–∏–∫, –∑–Ω–∞—á–∏—Ç, –µ—Å—Ç—å –Ω–µ—á—Ç–æ –∑–∞ –¥—É—à–æ–π —É —á–µ–ª–æ–≤–µ–∫–∞. 
 
–ê.–¢–∫–∞—á–µ–≤",12,
2017-11-05 08:14:35,"",27,
2017-11-05 08:21:03,"–¢—ç–∫, –±–ª—ç—Ç!",7,photo
2017-11-05 08:28:50,—Ç—ã —è–≤–ª—è–µ—à—å—Å—è –º–Ω–µ –≤–æ —Å–Ω–∞—Ö!,23,
2017-11-05 08:32:57,"–ù—É, –ø–æ–≥–Ω–∞–ª–∏)",28,
2017-11-05 08:41:45,–∂–æ–ø–∞,10,
2017-11-05 08:50:08,üòà,17,
2017-11-05 08:59:11,"",28,
2017-11-05 08:59:43,"–ò—Å—Ç–∏–Ω–Ω–∞—è –±–æ–ª—å –Ω–∏–∫–æ–≥–¥–∞ –Ω–µ –æ—â—É—â–∞–µ—Ç—Å—è —Å—Ä–∞–∑—É. –û–Ω–∞ –ø–æ—Ö–æ–∂–∞ –Ω–∞ —á–∞—Ö–æ—Ç–∫—É: –∫–æ–≥–¥–∞ —á–µ–ª–æ–≤–µ–∫ –∑–∞–º–µ—á–∞–µ—Ç –ø–µ—Ä–≤—ã–µ —Å–∏–º–ø—Ç–æ–º—ã, —ç—Ç–æ –∑–Ω–∞—á–∏—Ç, —á—Ç–æ –±–æ–ª–µ–∑–Ω—å —É–∂–µ –¥–æ—Å—Ç–∏–≥–ª–∞ –µ–¥–≤–∞ –ª–∏ –Ω–µ –ø–æ—Å–ª–µ–¥–Ω–µ–π —Å—Ç–∞–¥–∏–∏. 
 
–Æ–∫–∏–æ –ú–∏—Å–∏–º–∞.",31,
2017-11-05 09:07:02,"–ê –¥–∞–≤–∞–π—Ç–µ –≤—Å–µ —Å–µ–≥–æ–¥–Ω—è –≤—ã—Å–∫–∞–∂—É—Ç—Å—è? –ö–∞–∂–¥—ã–π –Ω–∞–ø–∏—à–µ—Ç —Å–≤–æ–µ –º–Ω–µ–Ω–∏–µ –æ –∫–æ–º-–ª–∏–±–æ –∏–ª–∏ –æ —á–µ–º-–ª–∏–±–æ,–Ω–∏–∫—Ç–æ –Ω–∏—á–µ–≥–æ –Ω–µ —É–∑–Ω–∞–µ—Ç,–∫–∞–∫ —É–¥–æ–±–Ω–æ. 
–ù–∞—á–Ω—É —è.
–ú–ö–û–£ –ü–°–û–® 2 –Ω–∞–∏–ª—É—á—à–∞—è —à–∫–æ–ª–∞ –≤ –ü–∞–≤–ª–æ–≤—Å–∫–µ!",32,
2017-11-05 09:07:51,"–ö–ê–ñ–î–û–ì–û –ù–ê–•–£–ô –í–´–ï–ë–£,–í–´–°–£–®–£,–ü–û–¢–û–ú –ï–©–Å –†–ê–ó –í–´–ï–ë–£!!!
–ü–û–©–ê–î–´ –ù–ï –ñ–î–ò–¢–ï",13,
2017-11-05 09:12:23,–ü—Ä–∏–≤–µ—Ç –≤—Å–µ–º,4,
2017-11-05 09:40:17,–öy –≤—Å–µ–º!!!,17,
2017-11-05 09:43:49,"–ù—É —á–µ –ø–∞—Ü–∞–Ω—ã, –æ–Ω–µ–º–µ ?",15,
2017-11-05 10:02:02,"",6,photo
2017-11-05 10:10:17,...,5,
2017-11-05 10:11:31,"–ö–æ—Ä–æ—Ç–∫–æ –æ –∏–Ω—Ç–µ—Ä–µ—Å–µ ""–ê–Ω–æ–Ω–∏–º–Ω—ã—Ö"" –∑–∞–ø–∏—Å–µ–π",41,photo
2017-11-05 10:12:44,–ø,37,
2017-11-05 10:14:49,–•–∞–∑–∞—Ä –ø–∏–¥–æ—Ä,6,
2017-11-05 10:20:26,–ü—Ä–æ–¥–∞—é –Ω–∞–∫–ª–µ–π–∫–∏,36,
2017-11-05 10:27:47,f,5,
2017-11-05 10:29:33,"–∏–ª—å—è, —á—Ç–æ –∑–∞ –ø–∏–∑–¥–µ—Ü",30,
2017-11-05 10:30:13,"",27,photo
2017-11-05 10:36:24,[id351122765|–°–∞—Ñ–∏] –ø–∏–¥–∞—Ä,25,
2017-11-05 10:40:14,üê•,29,
2017-11-05 10:51:14,–Ω–∞–Ω–∞–Ω–∞,15,
2017-11-05 10:51:17,"–í—Å–µ –ø–∏–¥–æ—Ä–∞—Å—ã, —è –î'–ê—Ä—Ç–∞–Ω—å—è–Ω!",53,
2017-11-05 10:51:25,—Ç—ã –ø–∏–¥—Ä,61,
2017-11-05 10:51:27,"–ò—Ç–∞–∫, –æ–±—ä—è—Å–Ω—è—é –ø—Ä–∞–≤–∏–ª–∞ –∏–≥—Ä—ã: –¥—Ä—É–∑—å—è, –ø–∏—à–∏—Ç–µ –ª—é–±–æ–π –∫–æ–º–º–µ–Ω—Ç–∞—Ä–∏–π –ø–æ–¥ —ç—Ç–æ–π –∑–∞–ø–∏—Å—å—é, (–Ω–µ–≤–∞–∂–Ω–æ —á—Ç–æ: —Å–º–∞–π–ª–∏–∫, –ø–ª—é—Å–∏–∫ –∏–ª–∏ –µ—â—ë —á—Ç–æ-–ª–∏–±–æ), –∞ –ø–æ—Ç–æ–º –ø–æ —Å–ø–∏—Å–∫—É –¥—Ä—É–∑–µ–π, –∫–æ—Ç–æ—Ä—ã–µ –ø—Ä–æ–∫–æ–º–º–µ–Ω—Ç–∏—Ä–æ–≤–∞–ª–∏ —ç—Ç–æ—Ç –ø–æ—Å—Ç, –ø—ã—Ç–∞–µ—Ç–µ—Å—å –ø–æ–Ω—è—Ç—å, –∫—Ç–æ –∂–µ —è?",11,
2017-11-05 10:53:58,–æ–≥–æ –∑–¥–æ—Ä–æ–≤–∞,39,
2017-11-05 10:55:56,"",3,photo
2017-11-05 11:00:19,),10,
2017-11-05 11:04:59,"–î—Ä—É–≥, –≤—Å–µ–≥–¥–∞ –ø–æ–º–Ω–∏, —á—Ç–æ –ø–∞–¥–∞—Ç—å –Ω–µ —Å—Ç—Ä–∞—à–Ω–æ, —Å—Ç—Ä–∞—à–Ω–æ –Ω–∏–∫–æ–≥–¥–∞ –Ω–µ –ª–µ—Ç–∞—Ç—å.

 #–ª—é–¥–∏@rminnibika #–∂–∏–∑–Ω—å@rminnibika #—Å–æ–≤–µ—Ç—ã@rminnibika",70,photo
2017-11-05 11:10:21,"–ö—Ç–æ —ç—Ç–æ –≤–∏–¥–∏—Ç, –ø–∏—à–∏—Ç–µ –≤ –∫–æ–º–º–µ–Ω—Ç—ã +",43,
2017-11-05 11:10:21,–¢—É—Ç –≥–æ–≤–æ—Ä—è—Ç —á—Ç–æ –º–æ–∂–Ω–æ –∞–Ω–æ–Ω–∏–º–Ω—ã–µ –∑–∞–ø–∏—Å–∏ –≤—ã–∫–ª–∞–¥—ã–≤–∞—Ç—å. –ß—Ç–æ–∂... –ü–æ—Å–º–æ—Ç—Ä–∏–º,19,
2017-11-05 11:10:31,–¢–µ—Å—Ç–∏—Ä—É–µ–º –∞–Ω–æ–Ω–∏–º–Ω—ã–µ –∑–∞–ø–∏—Å–∏,20,
2017-11-05 11:10:55,–°–∞–Ω—è –¥–æ–ª–±–æ–µ–±,92,
2017-11-05 11:11:28,–≤—Å–µ–º –ø—Ä–∏–≤–µ—Ç! –∫–∞–∫ –¥–µ–ª–∏—à–∫–∏?),30,
2017-11-05 11:11:34,–ß—Ç–æ —Å–∫–∞–∑–∞—Ç—å —Ç–æ???? –î–∞ –Ω–∏—Ö—É—è –Ω–µ —Å–∫–∞–∑–∞—Ç—å!,33,
2017-11-05 11:11:37,–¢—ã –µ–±–æ–±–æ)0)0)0))0,54,
2017-11-05 11:11:41,–ü—Ä–∏–≤–µ—Ç,49,
2017-11-05 11:11:57,–ú–Ω–µ –∫–∞–∂–µ—Ç—Å—è —ç—Ç–æ–≥–æ —á–µ–ª–æ–≤–µ–∫–∞ [id113393164|–ï–≤–≥–µ–Ω–∏–π –ë–∏—Ä—é–∫–æ–≤]  –Ω—É–∂–Ω–æ –ø–æ—Å—Ç–∞–≤–∏—Ç—å –Ω–∞ –ë–∏–±—É,57,
2017-11-05 11:12:20,Suka),13,
2017-11-05 11:12:21,"–º–æ–≥—É —Ç–µ–ø–µ—Ä—å –ø–æ—Å—Ç–∏—Ç—å –≥–æ–≤–Ω–æ –≤—Å—è–∫–æ–µ, —Ç—ã –¥–∞–∂–µ –Ω–µ —É–∑–Ω–∞–µ—à—å,—á—Ç–æ —ç—Ç–æ —è,—Å–ø–∞—Å–∏–±–æ –≤–∫ –∏ –∑–∞—á–µ–º –º–Ω–µ —Ç–µ–ø–µ—Ä—å –≤—Ç–æ—Ä–∞—è —Å—Ç—Ä–∞–Ω–∏—Ü–∞,–∞???",28,
2017-11-05 11:12:29,–ª—é–±–ª—é –æ—á–∫–∏,9,
2017-11-05 11:13:32,"",9,
2017-11-05 11:16:05,"",414,photo
2017-11-05 11:16:38,–ê–º–ù—è–º,73,photo
2017-11-05 11:16:53,–ù–µ–Ω–æ—Ä–º–∞–ª—å–Ω–∞—è —Å –≥–ª–∞–∑–∞–º–∏ –∫–∞—Ä–∏–º–∏üò±,21,
2017-11-05 11:18:32,"",98,photo
2017-11-05 11:19:05,"–ò–∑–∏, –∏–∑–∏, —Ä–∏–ª —Ç–æ–∫, —Å–∏–Ω–∫ —ç–±–∞—É—Ç –∏—Ç",103,
2017-11-05 11:25:27,–ê–Ω—Ç–æ—Ö–∞ –ª–æ—Ö!,33,
2017-11-05 11:26:23,–ü—Ä–∏–≤–µ—Ç –≤—Å–µ–º,56,
2017-11-05 11:27:32,"",18,
2017-11-05 11:29:23,"–Ø —Ö–æ—á—É —Ç–µ–±—è, –Ω–æ –±–æ—é—Å—å —Ç–µ–±–µ —ç—Ç–æ —Å–∫–∞–∑–∞—Ç—å",27,
2017-11-05 11:30:00,–í—Å–µ–º –ø—Ä–∏–≤–µ—Ç –æ—Ç –¥–∞–Ω–∏–ª–∫–∏!,35,
2017-11-05 11:30:07,"–õ—é–¥–∏ —Å–µ—Ä—å—ë–∑–Ω–æ, –¥–∞–≤–∞–π—Ç–µ –∑–∞–¥—É–º–∞–µ–º—Å—è –æ —Å–º—ã—Å–ª–µ. –ó–∞—á–µ–º –º—ã –∂–∏–≤—ë–º –≤ –º–∏—Ä–µ –∫–æ—Ç–æ—Ä–æ–º—É –ø–æ–∫–æ—Ä—è–µ–º—Å—è. –ù–∞–¥–æ –º–µ–Ω—è—Ç—å —Å–∏—Å—Ç–µ–º—É –∏–ª–∏ —Å–∏—Å—Ç–µ–º–∞ –∏–∑–º–µ–Ω–∏—Ç –Ω–∞—Å, —á–µ–º –æ–Ω–∞ —É–∂–µ –∑–∞–Ω–∏–º–∞–µ—Ç—Å—è",39,
2017-11-05 11:30:45,–ø—Ä–µ–≤–µ—Ç,23,
2017-11-05 11:35:37,"",45,photo
2017-11-05 11:42:10,"–ó–∞–∑–Ω–æ–±–∞, –ø–æ—á–µ–º—É —Ç—ã —Ç–∞–∫–æ–π –Ω—ã—Ç–∏–∫?",20,
2017-11-05 11:44:34,"–ü—Ä–æ—á–∏—Ç–∞–ª–∞ –∞–Ω–æ–Ω–∏–º–∫—É –æ —Ç–æ–º,—á—Ç–æ –∫—Ç–æ-—Ç–æ –≤–ª—é–±–∏–ª—Å—è –≤ –°–∞—à—É.–ú–¥–∞–∞–∞–∞–∞–∞",36,
2017-11-05 11:54:37,"–ß–û –ó–ê –î–û–õ–ë–ê–ï–ë –ü–ò–®–ï–¢ –ü–û –ö–ê–†–ê–ú
–ó–ê–ï–ë–ê–õ
–í–°–ï–ú –ü–û–•–£–£–£–ô",21,
2017-11-05 11:58:37,"–¢—É—Ç –í–ö –ø–æ–¥–≤–µ–∑–ª–∏ –∞–Ω–æ–Ω–∏–º–Ω—ã–µ –∑–∞–ø–∏—Å–∏.... –í–æ –≤—Ä–µ–º—è –ø—É–±–ª–∏–∫–∞—Ü–∏–∏ —á–µ—Ä–µ–∑ –±—Ä–∞—É–∑–µ—Ä –∏–ª–∏ –ü–ö-–≤–µ—Ä—Å–∏—é –≤–Ω–∏–∑—É –Ω—É–∂–Ω–æ –≤—ã—Å—Ç–∞–≤–∏—Ç—å –ø–æ–ª–∑—É–Ω–æ–∫ ""–ê–Ω–æ–Ω–∏–º–Ω–∞—è –∑–∞–ø–∏—Å—å"". –ñ–∏—Ç—å —ç—Ç–æ –≤—Å–µ –±—É–¥–µ—Ç 1 –¥–µ–Ω—å, –ø–æ—Å–ª–µ - –∑–∞–ø–∏—Å–∏ —É–¥–∞–ª—è—Ç—Å—è.
–ê –ø–æ–∫–∞ –¥–µ—Ä–∑–∞–π—Ç–µ, –ø–æ—Å–º–æ—Ç—Ä–∏–º —á—Ç–æ —Å —ç—Ç–æ–≥–æ –≤—ã–π–¥–µ—Ç",12,
2017-11-05 12:01:22,999,324,
2017-11-05 12:02:18,–∫–æ–ª—è –ª–æ—Ö –ª–µ—Ä–∞ —Ç–æ–ø,44,
2017-11-05 12:06:48,"–ò–ª—å–Ω–∞—Ä–∏–∫ –ó–∞–∫–∏—Ä–æ–≤, —Ç—ã –±–æ–º–±–∞! –ê–π –ª–∞–≤ —é!üòç",73,
2017-11-05 12:11:21,–û–¥–Ω–∞–∂–¥—ã —è —É–∫—Ä–∞–ª –∂–≤–∞—á–∫—É –∏–∑ –º–∞–≥–∞–∑–∏–Ω–∞,12,
2017-11-05 12:13:58,–†,59,
2017-11-05 12:15:34,"–ù–∏–≥–≥–µ—Ä—ã, —è –ª–æ–º–∞—é —Å–∏—Å—Ç–µ–º—É –∏ —á–µ—Å—Ç–Ω–æ –∑–∞—è–≤–ª—è—é: —è –õ–µ–≤ –∏ —ç—Ç–∞ —Ñ–∏—á–∞ –≤–∫–æ–Ω—Ç–∞–∫—Ç–∞ ‚Äî –ø–æ–ª–Ω–∞—è –ø–∞—Ä–∞—à–∞.",8,
2017-11-05 12:18:32,—ç–ª—å–¥–∞—Ä –¥—É—Ä–∞–∫,7,
2017-11-05 12:19:51,–ü–∞—Ü–∞–Ω—ã –≥–æ –º–∞–π–Ω,9,
2017-11-05 12:21:29,[id455222362|–°–∞—à–∞ –®–∏–ª—å–Ω–∏–∫–æ–≤—Å–∫–∏–π],21,photo
2017-11-05 12:21:36,–ü—Ä–∞–≤–æ –∑–Ω–∞—Ç—å! –ù–∏–∫–∏—Ç–∞ –ú–∏—Ö–∞–ª–∫–æ–≤. –≠—Ñ–∏—Ä –æ—Ç 04.11.2017 :: –¢–í –¶–µ–Ω—Ç—Ä - –û—Ñ–∏—Ü–∏–∞–ª—å–Ω—ã–π —Å–∞–π—Ç —Ç–µ–ª–µ–∫–æ–º–ø–∞–Ω–∏–∏,55,
2017-11-05 12:28:14,"[id354012161|–ù–∏–∫–∏—Ç–∞ –§–ª–æ—Ä–∏–Ω] —è —Å–ª–µ–∂—É –∑–∞ —Ç–æ–±–æ–π , –º—É–¥–∞–∫ . –Ø —Ç–µ–±–µ –µ—â–µ –≤—Å–µ –ø—Ä–∏–ø–æ–º–Ω—é ....................................",25,
2017-11-05 12:28:41,"",19,photo
2017-11-05 12:30:26,–∫–ï–ö,7,
2017-11-05 12:37:49,[id293236886| –î—É—Ä–æ—á–∫–∞],17,
2017-11-05 12:41:10,—è —Ç–µ–±—è –ª—é–±–ª—é,37,
2017-11-05 12:41:14,"–ë—É–¥—å —Å—á–∞—Å—Ç–ª–∏–≤ —Ç–æ—Ç, –∫—Ç–æ –ø—Ä–æ—á—Ç–µ—Ç —ç—Ç–æ ;) 
–•–æ—Ä–æ—à–µ–≥–æ –¥–Ω—è
—á–º–æ–∫–∏",41,
2017-11-05 12:41:59,–¢—ã –ø–∏—Å—è :–∑,53,
2017-11-05 12:42:31,–ù—É –∞ –∫–∞–∫ —Ç–µ–±–µ –º–æ–π —Ö—É–π –Ω–∞ –≤–∫—É—Å?,34,
2017-11-05 12:43:58,–ï–±–∞—Ç—å –º–µ–Ω—è –ø—Ä—ë—Ç,24,
2017-11-05 12:44:18,–ª—é–±–ª—é –≤–∞—Å,11,
2017-11-05 12:44:45,"–ë–õ–ò–ù –ñ–ï–°–¢–¨ –ö–ê–ö –ù–†–ê–í–ò–¢–°–Ø –ú–ê–õ–¨–ß–ò–ö –ù–û –í–ò–ù–û–í–ê–¢–ê –Ø –í –¢–û–ú –ß–¢–û –ù–ï –û–ë–©–ê–ï–ú–°–Ø –ë–õ–ò–ò–ò–ò–ò–ò–ù 
–° —Å–µ–≥–æ–¥–Ω—è—à–Ω–µ–≥–æ –¥–Ω—è –Ω–∞—á–∏–Ω–∞—é —Å–∞–º–æ–æ–±—Ä–∞–∑–æ–≤—ã–≤–∞—Ç—å—Å—è .",62,
2017-11-05 12:44:49,—É–ø,13,
2017-11-05 12:45:55,–ù–∞–≤–∞–ª—å–Ω—ã–π 2018,17,
2017-11-05 12:46:00,–î—Ä—É–≥–æ–≤ –ø–æ—Ä–∞ –ª–µ—á–∏—Ç—å—Å—è üíî,35,
2017-11-05 12:46:28,–•–µ—Ö,8,
2017-11-05 12:47:04,–£ —Ç–µ–±—è –µ—Å—Ç—å –ø–∞—Ä–µ–Ω—å??  [id139890238|–ê–Ω–∞—Å—Ç–∞—Å–∏—è –õ—è–Ω–≥–µ],18,
2017-11-05 12:47:14,—è –µ–±–∞–ª –≤–∞—Å –≤ —Ä–æ—Ç –∞–Ω—Ç–∏—Ö–∞–π–ø!!!,13,
2017-11-05 12:47:36,–ö–æ–≥–¥–∞ —É–∂–µ —É–±–µ—Ä—É—Ç —ç—Ç–æ–≥–æ —Ä—ã–∂–µ–≥–æ?,43,
2017-11-05 12:47:52,"–õ—é–±–∏ —Ç—É –∫–æ—Ç–æ—Ä–∞—è —Ä—è–¥–æ–º —Å —Ç–æ–±–æ–π , –∞ –Ω–µ —Ç–∞ —á—Ç–æ –≤ –í–ö —à–ª—ë—Ç —Å–µ—Ä–¥–µ—á–∫–∏üíî",27,
2017-11-05 12:48:28,"[id95849088|–≠–ª–∏–Ω–∞ –ö–∏–≤–∏] —Ö–æ—á–µ—Ç –¥–æ–º–æ–π, –Ω–æ –§–°–ë –µ—ë –Ω–µ –æ—Ç–ø—É—Å–∫–∞–µ—Ç, —É–≤–∞–∂–∞–µ–º—ã–π –í–ª–∞–¥–∏–º–∏—Ä –í–ª–∞–¥–∏–º–∏—Ä–æ–≤–∏—á, –æ—Ç–ø—É—Å—Ç–∏—Ç–µ –≠–ª–∏–Ω–æ—á–∫—É –¥–æ–º–æ–π",100,
2017-11-05 12:48:29,—è –¥—Ä–æ—á—É –∂–æ–ø—É –∑—É–±–Ω–æ–π —â–µ—Ç–∫–æ–π,7,
2017-11-05 12:49:18,–ù—É —á—Ç–æ –æ–Ω–∏–º–µ,23,
2017-11-05 12:49:40,–ö—É,13,
2017-11-05 12:49:48,"–î–æ—Ä–æ—É,–∫–∞–∫ –∂–∏–∑–Ω—å?",31,
2017-11-05 12:50:05,"–ñ–¥–∏—Ç–µ!!
–ß–µ—Ä—Ç –¥–∞–∂–µ —Ç–∞–∫–æ–π –º–æ–º–µ–Ω—Ç —Å–º–æ–≥ –æ–±–ª–æ–º–∞—Ç—å",12,
2017-11-05 12:50:10,–ù–∞—Å–ª–∞–∂–¥–∞–π—Ç–µ—Å—å –ø–æ—Å–ª–µ–¥–Ω–∏–º–∏ –º–∏–Ω—É—Ç–∞–º–∏!–ú—ã –∑–∞–±–ª–æ–∫–∏—Ä—É–µ–º –í–ö–æ–Ω—Ç–∞–∫—Ç–µ!,40,
2017-11-05 12:50:23,–ü–ª–∞—Å—Ç–º–∞—Å—Å–æ–≤—ã–π –º–∏—Ä –ø–æ–¥–µ–±–∏–ª.,18,
2017-11-05 12:50:30,"",83,
2017-11-05 12:50:37,–ª—é–±–ª—é –≤—Å–µ—Ö,15,
2017-11-05 12:52:01,–ö–æ–≥–¥–∞ –≤—ã —É–∂–µ –æ—Ç–≤–∞–ª–∏—Ç–µ –æ—Ç –º–µ–Ω—è???,28,
2017-11-05 12:52:04,–Ø —Ü—ã–ø–∞ –ø—Ä–æ—à–º–∞–Ω–¥–µ,21,
2017-11-05 12:52:21,133 —Ä—É–ª–∏—Ç,37,
2017-11-05 12:52:39,"–ê–Ω–æ–Ω–∏–º–Ω—ã–µ –∑–∞–ø–∏—Å–∏? –ü—Ä–∏–∫–æ–ª! –•–∑, —á—Ç–æ –º–æ–∂–Ω–æ —Ç–∞–∫–æ–≥–æ —É–Ω–∏–∫–∞–ª—å–Ω–æ–≥–æ —Å–∫–∞–∑–∞—Ç—å.. –î–∞–≤–∞–π—Ç–µ —Å–µ–∫—Ä–µ—Ç —Ä–∞—Å—Å–∫–∞–∂—É: –º–æ—ë –ª—é–±–∏–º–æ–µ –º–æ—Ä–æ–∂–µ–Ω–æ–µ-Movenpick —Å–æ –≤–∫—É—Å–æ–º —Å—ã—Ä–∞ –§–∏–ª–∞–¥–µ–ª—å—Ñ–∏—è. –ê –≤–∞—à–µ?",13,
2017-11-05 12:53:07,–≤ —Ä–æ—Ç –µ–±–∞–ª,27,
2017-11-05 12:53:30,),6,
2017-11-05 12:53:31,–ò–î–ò–¢–ï –í–°–ï –ù–ê–•–£–ô –£–ï–ë–ö–ò,61,
2017-11-05 12:53:32,È¨º | ONI | TEAM,30,
2017-11-05 12:53:47,–ö–æ–ª—è –±–∞–∫–ª–∞–Ω–æ–≤ –ø–∏–¥–æ—Ä,22,
2017-11-05 12:53:53,"",26,photo
2017-11-05 12:53:53,–õ—é–±–ª—é —Ç–µ–±—è üòö,21,
2017-11-05 12:54:08,–•–£–ô –°–û–°–£,6,
2017-11-05 12:55:10,üíó,34,
2017-11-05 12:55:15,"–ì–ª–∞–≤–Ω–æ–µ ‚Äî –≤–µ—Ä–∏—Ç—å. –ï—Å–ª–∏ –≤–µ—Ä–∏—à—å, —Ç–æ –≤—Å—ë –æ–±—è–∑–∞—Ç–µ–ª—å–Ω–æ –±—É–¥–µ—Ç —Ö–æ—Ä–æ—à–æ ‚Äî –¥–∞–∂–µ –ª—É—á—à–µ, —á–µ–º —Ç—ã —Å–∞–º –º–æ–∂–µ—à—å —É—Å—Ç—Ä–æ–∏—Ç—å.",59,
2017-11-05 12:55:21,"–¢–æ—Ç –º–æ–º–µ–Ω—Ç, –∫–æ–≥–¥–∞ —Å–∫—É—á–∞–µ—à—å –ø–æ —á–µ–ª–æ–≤–µ–∫—É, –Ω–æ –µ–≥–æ —É–∂–µ –Ω–µ—Ç.–û–Ω —É–º–µ—Ä. –•–æ—Ç—è –Ω–µ—Ç. –ß–µ–ª–æ–≤–µ–∫-—Ç–æ –∂–∏–≤, –Ω–æ –æ–Ω —Å—Ç–∞–ª –¥—Ä—É–≥–∏–º, –≤ –≤–∏–¥—É —Ä–∞–∑–Ω—ã—Ö –ø—Ä–∏—á–∏–Ω: —Å–≤–æ–∏—Ö –ø—Ä–æ–±–ª–µ–º, –Ω–æ–≤–æ–≥–æ –∫—Ä—É–≥–∞ –æ–±—â–µ–Ω–∏—è (–Ω–µ —Å–∞–º–æ–≥–æ –ª—É—á—à–µ–≥–æ –∫—Ä—É–≥–∞, –º–µ–∂–¥—É –ø—Ä–æ—á–∏–º) –ò —Ç—ã –ª—é–±–∏—à—å –∏ —Å–∫—É—á–∞–µ—à—å —É–∂–µ –Ω–µ —á–µ–ª–æ–≤–µ–∫–∞, –∞ –æ–±—Ä–∞–∑...–∏ —Ç—ã –±—ã —Å–¥–µ–ª–∞–ª –≤—Å–µ, —á—Ç–æ–±—ã —Ç–æ—Ç —á–µ–ª–æ–≤–µ–∫ –≤–µ—Ä–Ω—É–ª—Å—è. –ù–æ –Ω–µ—Ç, –æ–Ω —É–∂–µ –Ω–µ –±—É–¥–µ—Ç –ø—Ä–µ–∂–Ω–∏–º, –≤–∏–¥–∏–º–æ –Ω–æ–≤—ã–π –æ–±—Ä–∞–∑ –µ–º—É –±–æ–ª—å—à–µ –ø–æ–ª—é–±–∏–ª—Å—è. –ê —Ç—ã –ø—Ä–æ—Å—Ç–æ —Å–º–æ—Ç—Ä–∏—à—å –≤ —Ç–µ –≥–ª–∞–∑–∞

–ß—Ç–æ —Å —Ç–æ–±–æ–π —Å—Ç–∞–ª–æ?",35,
2017-11-05 12:55:25,V –ª—é–±–æ–ø—ã—Ç–Ω–æ,43,
2017-11-05 12:55:33,"–õ–æ–ª, –∫–µ–∫",10,
2017-11-05 12:55:39,"–ö—Ç–æ —á–∏—Ç–∞–µ—Ç —ç—Ç—É –∑–∞–ø–∏—Å—å ,–¥–æ–ª–∂–µ–Ω(–ê) –ø–æ—Å—Ç–∞–≤–∏—Ç—å –º–Ω–µ –ª–∞–π–∫ –Ω–∞ –ø–µ—Ä–≤—É—é –∑–∞–ø–∏—Å—å ,–µ—Å–ª–∏ —Ç–µ–±–µ —ç—Ç–æ —É–¥–∞—Å—Ç—Å—è ,—è –≤—ã–ø–æ–ª–Ω—é –æ–¥–Ω–æ –≤–∞—à–µ –∂–µ–ª–∞–Ω–∏–µ. –Ø –æ—Å—Ç–∞–≤–ª—é –Ω–µ—Å–∫–æ–ª—å–∫–æ –ø–æ–¥—Å–∫–∞–∑–æ–∫ ,–ø–µ—Ä–≤–æ–π –±—É–¥–µ—Ç –Ω–∞–∑–≤–∞–Ω–∏–µ –ø–µ—Å–Ω–∏ ,–µ—ë –≤—ã —Å–º–æ–∂–µ—Ç–µ –Ω–∞–π—Ç–∏ —É –º–µ–Ω—è –≤ –ê–£–î–ò–û–ó–ê–ü–ò–°–Ø–• (Johnny Cash - Hurt) –ò –ø–µ—Ä–≤–∞—è –∑–∞–ø–∏—Å—å –Ω–∞ –º–æ–µ–π —Å—Ç–µ–Ω–µ ""–¢–´ –ú–ï–ù–Ø –ù–ê–®–Å–õ(–ê) "" –µ—ë —Ç—ã –∏ –¥–æ–ª–∂–µ–Ω –ª–∞–π–∫–Ω—É—Ç—å",29,
2017-11-05 12:56:02,—Ö—É–π –æ—Ç—Å–æ—Å–∏ –º–æ–π —Ö—É—Ñ–π,20,
2017-11-05 12:56:22,—É—É—É —Å—É–∫–∞,5,
2017-11-05 12:56:32,–°–µ–º—ë–Ω –°–∏–ª–∫–æ-–¢–æ–ø,14,
2017-11-05 12:56:40,–Ø —Ç–µ–±—è –ª—é–±–ª—é.,101,
2017-11-05 13:29:29,–í—Å–µ –º–æ–∏ –¥—Ä—É–∑—å—è —É–µ–±–∫–∏,10,
2017-11-05 13:29:40,–ü–∞—à–∞ –ª–æ—Ö,19,
2017-11-05 13:31:12,–ü–∞—à–∞ –ø–∏–¥–æ—Ä,16,
2017-11-05 13:31:26,"–¢–∞–π–Ω–∞—è –∫–æ–º–Ω–∞—Ç–∞ –æ—Ç–∫—Ä—ã—Ç–∞. –¢—Ä–µ–ø–µ—â–∏—Ç–µ, –≤—Ä–∞–≥–∏ –ù–∞—Å–ª–µ–¥–Ω–∏–∫–∞!
(–Ω–∞–ø–∏—Å–∞–Ω–æ –∫—Ä–æ–≤—å—é)",15,
2017-11-05 13:33:05,"–ò–Ω–æ–≥–¥–∞ —Ö–æ—á–µ—Ç—Å—è –ø–æ—Å–ª–∞—Ç—å –≤–∞—Å –≤—Å–µ—Ö –¥–∞–ª–µ–∫–æ –∏ –Ω–∞–¥–æ–ª–≥–æ, –≤—ã—Å–∫–∞–∑–∞—Ç—å –≤—Å–µ, —á—Ç–æ –æ –≤–∞—Å, –ª–∏—Ü–µ–º–µ—Ä–Ω—ã—Ö –º—Ä–∞–∑—è—Ö, –¥—É–º–∞—é. –•–æ—á–µ—Ç—Å—è —Ä–∞–∑–æ—Ä–≤–∞—Ç—å —Å –≤–∞–º–∏ –≤—Å–µ–º–∏ —Å–æ—Ü–∏–∞–ª—å–Ω—ã–µ —Å–≤—è–∑–∏ –∏ –ø—Ä–æ—Å—Ç–æ –ø–æ–±—ã—Ç—å –æ–¥–Ω–æ–º—É.",50,
2017-11-05 13:35:02,"Den9a –ø–ª–æ—Ö–æ–π instagram, –Ω–µ –ø–æ–¥–ø–∏—Å—ã–≤–∞–π—Ç–µ—Å—å.",16,
2017-11-05 13:35:23,"–í–µ—Ä–Ω—ã–µ –¥—Ä—É–∑—å—è, —Å–∞–º–æ–µ –ª—É—á—à–µ–µ —á—Ç–æ —É –º–µ–Ω—è –µ—Å—Ç—å!)
–õ—é–±–ª—é –í–∞—Å‚ô•",26,
2017-11-05 13:36:04,–ï–±–∞–ª –≤–∞—Å –≤ —Ä–æ—Ç –ø–∏–¥–æ—Ä—ã))),119,
2017-11-05 13:36:18,–£–µ–±–æ–∫ –∏–∑ –ß–µ—á–Ω–∏ —Ö–∞,27,
2017-11-05 13:37:04,–ß–´,11,
2017-11-05 13:38:22,–≥–∞—Å–∞–Ω –ª–æ—Ö,30,
2017-11-05 13:39:27,"–Ø –ª—é–±–ª—é —Ç–µ–±—è....üíñ
–ù–æ —Ç—ã –æ–± —ç—Ç–æ–º –Ω–µ –∑–Ω–∞–µ—à—å(",25,
2017-11-05 13:40:20,https://vk.com/hsemess,49,
2017-11-05 13:41:05,–°–ª–µ–¥—É–π —Å–≤–æ–∏–º –ø—Ä–∞–≤–∏–ª–∞–º...,11,
2017-11-05 13:42:18,–û–ù –ë–û–ò–¢–°–Ø –î–ï–°–Ø–¢–´–•,14,
2017-11-05 13:42:53,"",11,
2017-11-05 13:42:59,"",16,photo
2017-11-05 13:44:16,https://vk.com/id341554913 —è —Ç–µ–±—è –ª—é–±–ª—éüòòüíã‚ù§,23,
2017-11-05 13:45:10,"–•–µ—Ö,–ê–Ω–æ–Ω–∏–º–Ω—ã–µ —Å–æ–æ–±—â–µ–Ω–∏—è,—Ç–∞–∫ –≤–µ—Å–µ–ª–æ,—è –∞–∂ –Ω–µ –º–æ–≥—É",25,
2017-11-05 13:45:20,–ò–ª—é—Ö–∞ –Ω–æ–≥–∏ –≤ —É—Ö–æüë£,56,
2017-11-05 13:45:24,–ö—Ç–æ –º–µ–Ω—è —É–∑–Ω–∞–µ—Ç???,15,photo
2017-11-05 13:46:31,"–õ–æ–≤–∏—Ç–µ –∞–Ω–æ–Ω–∏–º–∫—É,  –±–∏—á–∏",29,
2017-11-05 13:46:33,–ö—Å—é—Ö–∞! –° –Ω–∞—Å—Ç—É–ø–∞—é—â–∏–º!!!!,58,
2017-11-05 13:46:40,"–í—Å–µ –í–∞–Ω–∏- –ø–µ—Ç—É—Ö–∏!!!,,!??!,,!!,",13,
2017-11-05 13:46:46,"–ß—Ç–æ –∑–∞ —Ä–∞—Å–ø–∏–∑–¥–æ–Ω –ª—é–¥–∏?! –ü–æ—á–µ–º—É –∂–µ–Ω—â–∏–Ω—ã —Ä–∞–∑—É—á–∏–ª–∏—Å—å —É–ª—ã–±–∞—Ç—å—Å—è. –û—Ç–∫—É–¥–∞ –≤–∑—è–ª–æ—Å—å —É–≤–µ—Ä–µ–Ω–Ω–æ—Å—Ç—å, —á—Ç–æ –≤—ã—Ä–∞–∂–µ–Ω–∏–µ –æ—Ç–º–æ—Ä–æ–∂–µ–Ω–Ω–æ–π —Å—É–∫–∏ —ç—Ç–æ –∫–ª—é—á –∫ –∂–µ–Ω—Å–∫–æ–º—É —Å—á–∞—Å—Ç—å—é. –ö—É–¥–∞ –Ω–∏ –ø—Ä–∏–¥–µ—à—å, –µ–±–ª–∞ —Ç–∞–∫–∏–µ –∫–∞–∫ –±—É–¥—Ç–æ –Ω–∞ –∫–æ–≤—Ä–æ–≤–æ–π –¥–æ—Ä–æ–∂–∫–µ –≤ –ö–∞–Ω–Ω–∞—Ö –¥–µ—Ä—å–º–æ —É–Ω—é—Ö–∞–ª–∏. –ó–∞–≤—è–∑—ã–≤–∞–π—Ç–µ –∫–æ–ø–∏—Ä–æ–≤–∞—Ç—å –ò–Ω—Å—Ç–∞—à–ª—é—Ö, —É—á–∏—Ç–µ—Å—å —É–ª—ã–±–∞—Ç—å—Å—è –≤–µ–¥—å —ç—Ç–æ —Å–∞–º–æ–µ –∫—Ä–∞—Å–∏–≤–æ–µ –æ—Ä—É–∂–∏–µ –≤ –≤–∞—à–µ–º –∞—Ä—Å–µ–Ω–∞–ª–µ.",21,
2017-11-05 13:47:08,"–ú–¥–∞ –∞—Ö—É–µ–≤–∞—é —Ç–æ —Ç—É–ø–∏–∑–º–∞ –¥–∏–±–∏–ª–æ–≤, –≤—ã —á—Ç–æ —Å—É–∫–∞ –∞—Ö—É–µ–ª–∏? –î–∞ –ø–æ—à–ª–∏ –≤—ã –±—ã –Ω–∞—Ö—É–π, —Å–æ—Å–∏—Ç–µ —Ö—É–π —É—Ä–æ–¥—ã –±–æ–ª—å—à–æ–π —Å—É–∫–∞ —Ç–∞–∫ –Ω–∞ 1 –º–µ—Ç—Ä –ø–∏–¥–∞—Ä–∞—Å—ã.",20,
2017-11-05 13:47:20,"–í—Å–µ–≥–¥–∞ –∑–Ω–∞–π: 
–ï—Å–ª–∏ –≤–µ—Ä–∏—Ç—å - –≤—Å—ë –ø–æ–ª—É—á–∏—Ç—Å—è. 
–ï—Å–ª–∏ —Ç–µ–±–µ –∫—Ç–æ-—Ç–æ –Ω—Ä–∞–≤–∏—Ç—Å—è - –∑–Ω–∞—á–∏—Ç –∏ —Ç—ã –∫–æ–º—É-—Ç–æ –Ω—Ä–∞–≤–∏—à—å—Å—è. 
–ù–µ –¥–µ—Ä–∂–∏ –∑–ª–æ - –¥–µ—Ä–∂–∏ –∑–∞ —Ä—É–∫—É. 
–ù–µ –±–æ–π—Å—è - –≤—Å—ë —á—Ç–æ —Å–µ–π—á–∞—Å —Ç–≤–æ—Ä–∏—Ç—Å—è —Ç—ã –±—É–¥–µ—à—å –≤—Å–ø–æ–º–∏–Ω–∞—Ç—å —Å —É–ª—ã–±–∫–æ–π –∏ –æ—Ç–∫—Ä–æ–≤–µ–Ω–Ω–æ —Å–º–µ—è—Ç—å—Å—è –Ω–∞–¥ —Å–≤–æ–∏–º–∏ –ø–µ—Ä–µ–∂–∏–≤–∞–Ω–∏—è–º–∏. 
–û—Ç–≤–µ—á–∞–π –¥–æ–±—Ä–æ–º –Ω–∞ –≤—Å—ë - –¥–∞–∂–µ –Ω–∞ –∑–ª–æ. 
–ù–µ —Å—Ç–∞—Ä–∞–π—Å—è –±—ã—Ç—å –ø–æ—Ö–æ–∂–∏–º –Ω–∞ –∫–æ–≥–æ-—Ç–æ - –±—É–¥—å —Å–æ–±–æ–π. 
                                                                                   –§–∏–Ω–∏–∫",33,
2017-11-05 13:47:26,"https://www.youtube.com/watch?v=aMDY04lPLYw

IP-–≤–∏–¥–µ–æ–Ω–∞–±–ª—é–¥–µ–Ω–∏–µ: –∫–∞–∫ –≥—Ä–∞–º–æ—Ç–Ω–æ –Ω–∞—Å—Ç—Ä–∞–∏–≤–∞—Ç—å IP-–∫–∞–º–µ—Ä—ã
–ù–∞ ""IP Forum"" –≤ –°–∞–Ω–∫—Ç-–ü–µ—Ç–µ—Ä–±—É—Ä–≥–µ –ê–ª–µ–∫—Å–∞–Ω–¥—Ä –ù–∏–∫–æ–ª–∞–µ–≤–∏—á –ö—É–ª–∏–∫–æ–≤ (–∫–æ–º–ø–∞–Ω–∏—è ""–≠–í–°"") –≤—ã—Å—Ç—É–ø–∏–ª —Å –¥–æ–∫–ª–∞–¥–æ–º: ""IP-–≤–∏–¥–µ–æ–Ω–∞–±–ª—é–¥–µ–Ω–∏–µ: —Ç–µ–Ω–¥–µ–Ω—Ü–∏–∏ –∏ –ø–µ—Ä—Å–ø–µ–∫—Ç–∏–≤—ã —Ä–∞–∑–≤–∏—Ç–∏—è"".
–ó–¥—Ä–∞–≤—Å—Ç–≤—É–π—Ç–µ, —è –ê–ª–µ–∫—Å–∞–Ω–¥—Ä –ö—É–ª–∏–∫–æ–≤, —è –Ω–∞—á–∞–ª—å–Ω–∏–∫ –ª–∞–±–æ—Ä–∞—Ç–æ—Ä–∏–∏ –∫–æ–º–ø–∞–Ω–∏–∏ ""–≠–í–°"", –ª–∞–±–æ—Ä–∞—Ç–æ—Ä–∏–∏, –∫–æ—Ç–æ—Ä–∞—è –∑–∞–Ω–∏–º–∞–µ—Ç—Å—è —Ä–∞–∑—Ä–∞–±–æ—Ç–∫–æ–π —Ç–µ–ª–µ–≤–∏–∑–∏–æ–Ω–Ω—ã—Ö –∫–∞–º–µ—Ä. 
–ó–Ω–∞—á–∏—Ç, –≤ —Å–≤–æ–µ–º –¥–æ–∫–ª–∞–¥–µ —è –±—É–¥—É –≤ –æ—Å–Ω–æ–≤–Ω–æ–º –∫–∞—Å–∞—Ç—å—Å—è –∞–ø–ø–∞—Ä–∞—Ç–Ω–æ–π —á–∞—Å—Ç–∏ IP-–∫–∞–º–µ—Ä, –ø–æ—Å–∫–æ–ª—å–∫—É —è —Å—á–∏—Ç–∞—é, —á—Ç–æ –æ—á–µ–Ω—å –≤–∞–∂–Ω–æ –∏–º–µ–Ω–Ω–æ –∏–º–µ—Ç—å —Ö–æ—Ä–æ—à—É—é –∫–∞–º–µ—Ä—É. 
–ó–Ω–∞—á–∏—Ç, –∞–Ω–∞–ª–∏—Ç–∏–∫–∞ —Ä–∞–±–æ—Ç–∞–µ—Ç —Ö–æ—Ä–æ—à–æ, –∫–æ–≥–¥–∞ –∫–∞–º–µ—Ä–∞ —Ö–æ—Ä–æ—à–∞—è. –ú—ã –≤—ã–ø—É—Å–∫–∞–µ–º –Ω–µ —Ç–æ–ª—å–∫–æ IP-–∫–∞–º–µ—Ä—ã, —É –Ω–∞—Å –¥–æ–≤–æ–ª—å–Ω–æ –±–æ–ª—å—à–æ–π —Å–ø–µ–∫—Ç—Ä –ø–æ –∫–∞–º–µ—Ä–∞–º, –æ–∫–æ–ª–æ 100 –ø–æ–∑–∏—Ü–∏–π, –∏ –¥–æ —Å–∏—Ö –ø–æ—Ä –º—ã –µ—â–µ –ø—Ä–æ–¥–æ–ª–∂–∞–µ–º –≤—ã–ø—É—Å–∫–∞—Ç—å –∞–Ω–∞–ª–æ–≥–æ–≤—ã–µ –∫–∞–º–µ—Ä—ã —Ñ–æ—Ä–º–∞—Ç–∞ D1 ‚Äì –æ–Ω–∏, –∫–æ–Ω–µ—á–Ω–æ, —É–∂–µ –≤ –≤–∏–¥–µ–æ–Ω–∞–±–ª—é–¥–µ–Ω–∏–∏ –Ω–µ –∏—Å–ø–æ–ª—å–∑—É—é—Ç—Å—è –ø–æ—á—Ç–∏, –Ω–æ –æ—á–µ–Ω—å —Ö–æ—Ä–æ—à–æ –∏—Å–ø–æ–ª—å–∑—É—é—Ç—Å—è –≤ —Å–ø–µ—Ü–∏–∞–ª—å–Ω—ã—Ö –ø—Ä–∏–ª–æ–∂–µ–Ω–∏—è—Ö —Ç–∏–ø–∞ –ø—Ä–∏–±–æ—Ä–æ–≤ –Ω–æ—á–Ω–æ–≥–æ –≤–∏–¥–µ–Ω–∏—è –∏ —É—Å—Ç–∞–Ω–∞–≤–ª–∏–≤–∞—é—Ç—Å—è –Ω–∞ —Ä–∞–∑–Ω—ã–µ –±—Ä–æ–Ω–µ–º–∞—à–∏–Ω—ã, –Ω–∞–ø—Ä–∏–º–µ—Ä, –º—ã –∏—Ö —Å—Ç–∞–≤–∏–º –¥–ª—è —Ä–∞–∑–Ω—ã—Ö –≤–æ–µ–Ω–Ω—ã—Ö, –∑–Ω–∞—á–∏—Ç, –ø–æ–¥—Ä–∞–∑–¥–µ–ª–µ–Ω–∏–π –∏ –¥–µ–ª–∞–µ–º —Å–ø–µ—Ü–∏–∞–ª—å–Ω—ã–µ –∫–∞–º–µ—Ä—ã. –û–Ω–∏ –æ—á–µ–Ω—å –≤—ã—Å–æ–∫–æ—á—É–≤—Å—Ç–≤–∏—Ç–µ–ª—å–Ω—ã–µ.
–ü–æ—á–µ–º—É –µ—â–µ –∏—Å–ø–æ–ª—å–∑—É–µ—Ç—Å—è —Ñ–æ—Ä–º–∞—Ç D1? –ü–æ—Ç–æ–º—É —á—Ç–æ –∫–∞–º–µ—Ä—ã —á–µ—Ä–Ω–æ-–±–µ–ª—ã–µ D1 –¥–æ —Å–∏—Ö –ø–æ—Ä –µ—â–µ –ø–æ–∫–∞ —Å–∞–º—ã–µ —á—É–≤—Å—Ç–≤–∏—Ç–µ–ª—å–Ω—ã–µ. –ö —Å–æ–∂–∞–ª–µ–Ω–∏—é, –ö-–ú–û–ü –µ—â–µ, –æ—Å–æ–±–µ–Ω–Ω–æ –º–µ–≥–∞–ø–∏–∫—Å–µ–ª—å–Ω—ã–µ, –Ω–µ–º–Ω–æ–∂–∫–æ –Ω–µ –¥–æ—Å—Ç–∏–≥–∞—é—Ç —Ç–∞–∫–æ–π —á—É–≤—Å—Ç–≤–∏—Ç–µ–ª—å–Ω–æ—Å—Ç–∏.
–ú–µ–≥–∞–ø–∏–∫—Å–µ–ª—å–Ω—ã–µ –º—ã –¥–µ–ª–∞–µ–º –∫–∞–º–µ—Ä—ã —Ä–∞–∑–Ω—ã—Ö –≤–∏–¥–æ–≤, –∏ IP, –∏ USB, –∏ —Å–ø–µ—Ü–∏–∞–ª—å–Ω—ã–µ –∫–∞–º–µ—Ä—ã —Ç–µ—Ö–Ω–∏—á–µ—Å–∫–æ–≥–æ –∑—Ä–µ–Ω–∏—è. –ù—É, –∏ –¥–µ–ª–∞–µ–º —Å–ø–µ—Ü–∏–∞–ª—å–Ω—ã–µ –∫–∞–º–µ—Ä—ã —Å –ø—Ä–∏–µ–º–∫–æ–π 5.
–í–æ—Ç, –Ω—É, –Ω–∞—á–Ω—É —Å IP-–∫–∞–º–µ—Ä. –ù—É, –≤–æ—Ç —Ç—É—Ç –ê–ª–µ–∫—Å–∞–Ω–¥—Ä –ü–µ—Ç—Ä–æ–≤ (–ü–æ–ø–æ–≤) –≥–æ–≤–æ—Ä–∏–ª, —á—Ç–æ –∫–∞–º–µ—Ä–∞ –∫–∞–∫ –ª–∞–º–ø–æ—á–∫–∞, –∑–Ω–∞—á–∏—Ç, –≤—ã–≤–µ—Ä–Ω—É–ª ‚Äì –ø–æ—Å—Ç–∞–≤–∏–ª –∫–∞–∫—É—é-–Ω–∏–±—É–¥—å –≤—Å–µ —Ä–∞–≤–Ω–æ. 
–ù–∞ –º–æ–π –≤–∑–≥–ª—è–¥, –∫–∞–º–µ—Ä–∞ ‚Äì —ç—Ç–æ –æ—Å–Ω–æ–≤–∞.",29,
2017-11-05 13:47:28,"–ö—É–∫—É—Å–∏–∫–∏, –∑–∞–π—á–∏–∫–∏? –ö–∞–∫ –æ–Ω–æ?",50,
2017-11-05 13:48:44,"",37,
2017-11-05 13:50:14,"–Ø –ª—é–±–ª—é –æ–¥–Ω—É –¥–µ–≤—É—à–∫—É –µ–¥–∏–Ω—Å—Ç–≤–µ–Ω–Ω—É—é –∑–æ–≤—É—Ç –µ–µ –î–∏–Ω–∞ . –ò –º—ã —Ä–∞—Å—Å—Ç–∞–ª–∏—Å—å –∏–∑–∞ –º–æ–µ–π —Ç—É–ø–æ–π —Ä–µ–≤–Ω–æ—Å—Ç–∏, —Ö–∞—Ä–∞–∫—Ç–µ—Ä–∞ –¥–æ–ª–±–∞–Ω–æ–Ω–æ–≥–æ –æ—á–µ–Ω—å —Å–∏–ª—å–Ω–æ –∂–µ–ª–µ–µ—é –æ–± —ç—Ç–æ–º, –∏ –¥–æ—á–∫—É –µ–µ –ª—é–±–ª—é –î–∏–Ω–∞ –µ—Å–ª–∏ —Ç—ã –ø—Ä–æ—á—Ç–µ—à—å —ç—Ç—É –∑–∞–ø–∏—Å—å —É —Å–≤–æ–∏—Ö –¥—Ä—É–∑—å—è—Ö. –Ø –ª—é–±–ª—é –≤–∞—Å –æ–±–æ–∏—Ö –∏ —Ö–æ—á—É —á—Ç–æ–±—ã —Ç—ã —Ö–æ—Ç—å –ø—Ä–æ–≥–æ–≤–æ—Ä–∏–ª–∞ —Å–æ –º–Ω–æ–π –º–Ω–µ –æ—á–µ–Ω—å —Ç—è–∂–∫–æ –±–µ–∑ –≤–∞—Å .",16,
2017-11-05 13:50:28,"–≤—Å–µ –ø–æ–≤—Ç–æ—Ä—è–µ—Ç—Å—è , —Ç–µ—Ä—è–µ—Ç —Å–º—ã—Å–ª –∏ –≤–æ–æ–±—â–µ –∑–∞–µ–±–∞–ª–æ –±–ª—è—Ç—å",21,
2017-11-05 13:52:36,–ó–µ–º–ª—é –∫—Ä–µ—Å—Ç—å—è–Ω–∞–º! –ó–∞–≤–æ–¥—ã —Ä–∞–±–æ—á–∏–º!,9,
2017-11-05 13:54:10,"–ù–µ –º–æ–ª—á–∏—Ç–µ... –∂–∏–∑–Ω—å —Ç–∞–∫ –∫–æ—Ä–æ—Ç–∫–∞. –û–¥–Ω–∞ —Å–µ–∫—É–Ω–¥–∞ –ø–æ—Ä–æ–π —Ä–µ—à–∞–µ—Ç –≤—Å–µ. –ò –∫–æ–≥–¥–∞ –Ω—É–∂–Ω—ã—Ö —Å–ª–æ–≤ –Ω–µ –Ω–∞–π—Ç–∏, –ø—Ä–æ—Å—Ç–æ —Å–∫–∞–∂–∏—Ç–µ —á–µ–ª–æ–≤–µ–∫—É - ""—Ç—ã –Ω—É–∂–µ–Ω, –Ω–µ —É—Ö–æ–¥–∏"".",23,
2017-11-05 13:54:12,–ñ–µ–ª–∞—é –≤—Å–µ–º –º—É–∂–∏–∫–∞–º –Ω–æ—Ä–º–∞–ª—å–Ω—ã—Ö –±–∞–±,6,
2017-11-05 13:54:41,"–ü—Ä–∏–≤–µ—Ç,  –¥–∞—É–Ω—ã",10,
2017-11-05 13:56:35,"",13,photo
2017-11-05 13:56:36,"–ì—É–ª—å—Ñ–∏—è, –õ–∏–∞–Ω–∞ –∏ –ì—É–ª—å–Ω–∞–∑ —Å—É–ø–µ—Ä–∑–∞–π–∫–∏! üåû",20,
2017-11-05 13:58:44,"–ü–∏–∑–¥–µ—Ü –∫–∞–∫–æ–π-—Ç–æ. –ü–æ—á–µ–º—É —É–∂–µ –∑–∞–≤—Ç—Ä–∞ –≤ —à–∫, –∫–æ–≥–¥–∞ –≤—Å—è –†–æ—Å—Å–∏—è –æ—Ç–¥—ã—Ö–∞–µ—Ç(((",41,
2017-11-05 14:00:02,"our love is gone. 
„Ö§„Ö§„Ö§„Ö§„Ö§„Ö§„Ö§„Ö§„Ö§„Ö§„Ö§„Ö§„Ö§„Ö§„Ö§„Ö§„Ö§—Å–µ–π—á–∞—Å you're just a memory.„Ö§",19,
2017-11-05 14:00:08,–°–û–†–û–ö–ï–ù–¢ –ü–ò–î–û–†! –ê–†–ò–ù–ê –ó–ê–ô–ö–ê‚ù§,75,
2017-11-05 14:01:10,—ã—ã—ã,23,
2017-11-05 14:02:56,–ü–∏—Å–∫–∞,18,
2017-11-05 14:03:11,–ö–æ–ª–æ–º–∑–∞—Ä–æ–≤ –ö–æ—Ä–æ–ª—å –±–µ–ª–æ–≥–æ –∫–∞–º–Ω—è!,21,
2017-11-05 14:03:24,–°–∞–ª–∞–º –ê–ª–µ–π–∫—É–º ‚úã,16,
2017-11-05 14:03:48,–ü–∏—Å–æ—Å —Ç–∞–∫–æ–æ–æ–æ–æ–π –±–æ–ª—å—à–æ–π,1,
2017-11-05 14:05:24,‚ô•Ô∏è‚ô•Ô∏è‚ô•Ô∏è,52,
2017-11-05 14:05:53,"—Ç–æ–ª—å–∫–æ —á—Ç–æ –ø–æ–Ω—è–ª, —á—Ç–æ —è –ø–∏–¥—Ä–∏–ª–∞. –≥—Ä—É—Å—Ç–Ω–æ",37,
2017-11-05 14:06:03,"–ù—É —á—Ç–æ, –ø–æ–ø—Ä–æ–±—É–µ—Ç–µ —É–≥–∞–¥–∞—Ç—å —á—å—è –∑–∞–ø–∏—Å—å, –∫–æ—Ç–∞–Ω—ã?",73,photo
2017-11-05 14:07:02,–ú–µ–Ω—è –∑–æ–≤—É—Ç –ê–Ω–¥—Ä–µ–π –ö–æ–∑—é—Ä–∞ –∏ —è —Ö–æ—á—É —Å—Ç–∞—Ç—å –Ω–∞—Ç—É—Ä–∞–ª–æ–º,43,
2017-11-05 14:07:05,"–õ–æ–ª
–ö–µ–∫
–ß–µ–±—É—Ä–µ–∫!",40,
2017-11-05 14:07:26,–ë—ã—Å—Ç—Ä–æ –Ω–∞—à–ª–∏ –∑–∞–º–µ–Ω—É,89,
2017-11-05 14:08:39,—Ç—ã –ø–∏–¥–æ—Ä,8,
2017-11-05 14:09:10,–ª—é–±–ª—é –¥–∞—à—É –º–∞–ª—ã—à–µ–∫ —à–µ–≤—É,45,
2017-11-05 14:09:26,"–≠—Ç–æ —Å–ª–æ–∂–Ω–æ –æ—Å—É—â–µ—Å—Ç–≤–∏–º–æ, –Ω–æ –≤–æ–∑–º–æ–∂–Ω–æ...üîÆ",50,
2017-11-05 14:10:08,Nail lox,14,
2017-11-05 14:11:35,"–ß–æ –ø–æ—Ü–∞–Ω—ã,–æ–Ω–∏–º—ç?",31,
2017-11-05 14:12:29,"–û –±–æ–∂–µ,–¥–∞,–Ω–∞–∫–æ–Ω–µ—Ü-—Ç–æ!–ß—Ç–æ –∂–µ –º–Ω–µ –≤—ã—Å–∫–∞–∑–∞—Ç—å?
–ê—Ö –¥–∞,–ø–æ–∂–∞–ª—É–π –Ω–∞—á–Ω—É:
-–î–æ—Ä–æ–≥–∞—è –º–æ—è,–ê–π–∫–∞ –°.,—Ç—ã —Å–≤–æ–ª–æ—á—å,—è —Ç–µ–±—è –≤—Å–µ–º —Å–µ—Ä–¥—Ü–µ–º –Ω–µ–Ω–∞–≤–∏–∂—É.–¢—ã —Ö–æ—Ç—å –∑–Ω–∞–µ—à—å,—á—Ç–æ –º–Ω–µ —É–¥–∞–ª–æ—Å—å –ø–µ—Ä–µ—Ç–µ—Ä–ø–µ—Ç—å –∏ –∫–∞–∫–∏–µ –ª–∏—à–µ–Ω–∏—è –≤—ã–¥–µ—Ä–∂–∞—Ç—å,–±—É–¥—É—á–∏ —Ç–≤–æ–∏–º ""–¥—Ä—É–≥–æ–º""?–¢—ã –∫—Ä—É—Ç–∏—à—å –º–Ω–æ–π –∫–∞–∫ —Ö–æ—á–µ—à—å,—Ñ–∞–∫—Ç–∏—á–µ—Å–∫–∏ –≤—ã–Ω—É–∂–¥–∞—è –º–µ–Ω—è –¥–µ–ª–∞—Ç—å —Ç–æ,—á—Ç–æ –≤—ã–≥–æ–¥–Ω–æ –ª–∏—à—å —Ç–µ–±–µ.–Ø –≤—Å–µ–º —Å–µ—Ä–¥—Ü–µ–º —Ç–µ–±—è –Ω–µ–Ω–∞–≤–∏–∂—É –∑–∞ —Ç–≤–æ–∏ ""–º–µ–ª–∫–∏–µ –æ–±–∏–¥—ã"" –Ω–∞ –º–µ–Ω—è –æ–¥–Ω—É,–∑–∞ —Ç–µ —Å–ª—ë–∑—ã,–∫–æ—Ç–æ—Ä—ã–µ —è –ø—Ä–æ–ª–∏–ª–∞ –∏—Å–∫—Ä–µ–Ω–Ω–µ –ø—ã—Ç–∞—è—Å—å –∏–∑–≤–∏–Ω–∏—Ç—å—Å—è –ø–µ—Ä–µ–¥ —Ç–æ–±–æ–π,–≤–µ–¥—å —Ä–∞–Ω–Ω–µ–µ –º–Ω–µ –±—ã–ª–∞ –¥–æ—Ä–æ–≥–∞ —Ç–≤–æ—è –¥—Ä—É–∂–±–∞.–ù–æ —Ç–µ–ø–µ—Ä—å,–ø—Ä–æ—à—É,—Å–≥–æ—Ä–∏ –≤ –æ–≥–Ω–µ,—Ç—ã –º–Ω–µ –±–µ–∑—Ä–∞–∑–ª–∏—á–Ω–∞,—è —Ç–µ–±—è —Ç–∞–∫ –Ω–µ–Ω–∞–≤–∏–∂—É. . . . . .",9,
2017-11-05 14:13:36,–ê–Ω–∏–º–µ?,18,
2017-11-05 14:13:47,–©–∞—Å –±—ã –∞–Ω–æ–Ω–∏–º–Ω—ã–µ –∑–∞–ø–∏—Å–∏.,12,
2017-11-05 14:14:11,"–í–æ—Å–ø–æ–ª—å–∑—É—é—Å—å —Å–ª—É—á–∞–µ–º!
–ù–∞–≤–∞–ª—å–Ω—ã–π 20!8",41,
2017-11-05 14:14:33,–≠–π–æ—É —Å–æ–±–∞–∫–∏ —Å –≤–∞–º–∏ –Ω–∞—Ä—É—Ç–æ —É–¥–∑—É–º–∞–∫–∏ –∏ —è —Å–∫–æ—Ä–æ —Å—Ç–∞–Ω—É —Ö–æ–∫–∞–≥–µ ;D,8,
2017-11-05 14:14:39,–ø–æ–π–¥—ë–º—Ç–µ –≤ –≥–æ—Å—Ç–∏ –∫ –º–∞—Å–µ))))),19,
2017-11-05 14:16:00,–ú–µ—á—Ç—ã —Å–±—ã–≤–∞—é—Ç—Å—è‚ù£,52,
2017-11-05 14:17:01,"",106,photo
2017-11-05 14:17:04,–ì–æ –ª–∞–π–∫))),8,
2017-11-05 14:17:10,–ï–µ–µ –±–æ–π,34,
2017-11-05 14:18:43,"—Ö—ç—ç—ç–π,–ø—Ä–∏–≤–µ–µ–µ—Ç
—É–ª—ã–±–Ω–∏—Å—åüòùüëå",29,
2017-11-05 14:19:02,–ì–æ –±—É—Ö–∞—Ç—å,25,
2017-11-05 14:21:17,–∫–µ–∫,8,
2017-11-05 14:22:20,[id170069924|–ù–∏–∫–∏—Ç–∞ –°–µ—Ä–≥–µ–µ–≤] –ø–∏–¥–æ—Ä,8,
2017-11-05 14:23:35,"–õ—é–±–ª—é –¢—ç–º üíò 
 
–ê–π —ç–º –¢–ê–ù–ê–¢",28,
2017-11-05 14:23:45,–ú—è—É.,8,
2017-11-05 14:25:32,"–ú–ê–†–õ–û–í –°–£–ö–ò–ù –°–´–ù, –Ø –õ–Æ–ë–õ–Æ –¢–ï–ë–Ø, –ë–õ–Ø –ê–ó–ê–ó–ê–ê–ó–ó–ê–ê–•–ê–•–•–í–•–í–í–•–í–• –ü–û–®–õ–ò –ì–£–õ–Ø–¢–¨",15,
2017-11-05 14:27:01,"‚Äî –ü–æ–∫–∞–∂–∏ –º–Ω–µ —Å–≤–æ–∏ —à—Ä–∞–º—ã, ‚Äî —Å–∫–∞–∑–∞–ª –æ–Ω. 
‚Äî –ù–æ.. –ó–∞—á–µ–º? ‚Äî —Å–ø—Ä–æ—Å–∏–ª–∞ –æ–Ω–∞, –Ω–µ—Ä–≤–Ω–æ —É—Å–º–µ—Ö–Ω—É–≤—à–∏—Å—å.
‚Äî –Ø —Ö–æ—á—É –≤–∏–¥–µ—Ç—å, —Å–∫–æ–ª—å–∫–æ —Ä–∞–∑ —Ç—ã –Ω—É–∂–¥–∞–ª–∞—Å—å –≤–æ –º–Ω–µ, –∞ –º–µ–Ω—è –Ω–µ –±—ã–ª–æ —Ä—è–¥–æ–º..",17,
2017-11-05 14:27:05,–ü–æ—á–µ–º—É —Ç—ã –Ω–µ –æ–±—Ä–∞—â–∞–µ—à—å –≤–Ω–∏–º–∞–Ω–∏–µ –Ω–∞ –º–µ–Ω—è? –Ø –∂–µ —Ç–∞–∫ –Ω—É–∂–¥–∞—é—Å—å –≤ –Ω–µ–º,31,
2017-11-05 14:27:06,–ê—Ä–∏–Ω–∞ —Ç–æ–ø,24,
2017-11-05 14:27:34,–ù–∏–∫–∏—Ç–∞ –õ–µ–±–µ–¥–µ–≤ –ª–∞–ø–æ—á–∫–∞,33,
2017-11-05 14:28:27,–ö—Ç–æ —ç—Ç—É —Ö—É–π–Ω—é –ø—Ä–∏–¥—É–º—ã–≤–∞–µ—Ç,74,
2017-11-05 14:28:50,"–ú–Ω–µ –æ—á–µ–Ω—å –Ω—Ä–∞–≤–∏—Ç—Å—è –¥–µ–≤—É—à–∫–∞(—Å–∞–º–∫–∞). –ö–ª–∞—Å—Å–Ω—ã–π –∑–∞–ø–∞—Ö –≤–æ–ª–æ—Å –∏ –Ω–µ —Å—Ç—Ä–µ–º–Ω–æ–µ –ª–∏—Ü–æ(–µ–±–∞–ª–æ) –Ω–∞–π–¥–∏—Å—åüëÑüòç
–ù–µ –∞–Ω–æ–Ω",32,
2017-11-05 14:28:53,"",2,photo
2017-11-05 14:29:16,—ç—â–∫–µ—Ä–µ,22,
2017-11-05 14:29:22,–º—Ç–∏,59,
2017-11-05 14:30:57,–∞—É–µ –∂–∏–∑–Ω—å –≤–æ—Ä–∞–º —Å–≤–æ–±–æ–¥—É –ø–∞—Ü–∞–Ω–∞–º,68,
2017-11-05 14:31:44,—ã—ã—ã,10,
2017-11-05 14:33:59,–í,12,
2017-11-05 14:34:52,"–ï–π, —Ç—ã, –¥–∞, —Ç—ã, —è —Ç–µ–±—è –ª—é–±–ª—é, —É —Ç–µ–±—è –≤—Å–µ –ø–æ–ª—É—á–∏—Ç—Å—èüåöüíï",30,
2017-11-05 14:35:36,–õ–æ–æ–æ–æ–æ,8,
2017-11-05 14:37:21,–ö–µ–µ–∫–∫–∞—å–∞–¥–∞–¥–±–≤  –≤–ª–≤—Å–ª—É–∫–∫–º—Å–ª–≤—Å—É–∫–∞—Ä–æ–∞–¥,4,
2017-11-05 14:37:30,"Please notice me, Senpaiüñ§üñ§üñ§üåöüåöüåö",18,
2017-11-05 14:38:19,–∑–Ω–∞—é —á–µ–ª–æ–≤–µ–∫–∞ –∫–æ—Ç–æ—Ä—ã–π –ø—å–µ—Ç –∞–º–±—Ä–æ–±–µ–Ω–µ,32,
2017-11-05 14:39:57,Your touch is all you need for me.,9,photo
2017-11-05 14:40:08,–®–∫–æ–ª–∞ –Ω–æ–º–µ—Ä 20 –ª—É—á—à–∞—è !!!,12,
2017-11-05 14:40:52,[id400777746|–ê—Ä—Ç—ë–º –ù–∏–∫–∏—Ç–∏–Ω] –∞ –Ω–µ –∞—Ö—É–µ–ª –ª–∏ —Ç—ã? –∞ –±–æ—Ä–∑—ã–π?,12,
2017-11-05 14:42:27,"–í–ø—Ä–µ–¥—å –Ω–µ –¥–µ–ª–∞—é –¥–æ–±—Ä–∞, 
–ë—É–¥–µ—Ç –º–Ω–µ –Ω–∞—É–∫–∞. 
–ü–æ—Ö–≤–∞–ª–∏–ª–∞ –∫–æ–±–µ–ª—è, 
–û–∫–∞–∑–∞–ª—Å—è - —Å—É–∫–∞!",22,
2017-11-05 14:42:47,"—Ö–æ—Ç–∏—Ç–µ —Å–¥–µ–ª–∞—Ç—å –º–Ω–µ –±–æ–ª—å–Ω–æ? 
–∞—Ö–∞—Ö —É–¥–∞—á–∏",30,
2017-11-05 14:43:08,"–í–æ—Ç —ç—Ç–æ –∂–µ—Å—Ç–∫–æ, –≤–∞—É",9,
2017-11-05 14:43:47,"–ü—Ä–æ–≥ –º–æ–≥–∏–ª–∞ (–¥–∞, —É–∂–µ —Ç–∞–º), –û–û–ü –ª—é–±–æ—Ñ—Ñ—å (–Ω–µ—Ç)",51,
2017-11-05 14:44:00,–ü–ª–æ—Ö–∏–º–∏ –¥–µ–ª–∞–º–∏ –∑–∞–Ω–∏–º–∞–µ—à—å—Å—è —è —Å–º–æ—Ç—Ä—é.,2,
2017-11-05 14:44:09,–Ω–∞ –∫–∞–∫–æ–π —Ñ–∏–ª—å–º –ø–æ—Ö–æ–∂–∞ –≤–∞—à–∞ –∂–∏–∑–Ω—å?,12,
2017-11-05 14:44:16,"–û –¥–∞ , —è –æ—Ö—É–µ–Ω–µ–Ω.(–Ω–µ—Ç)",29,photo
2017-11-05 14:44:18,"–ø–æ—á–µ–º—É –∂–µ –æ–Ω –µ–µ –Ω–µ –ª—é–±–∏—Ç?
9üñ§",29,
2017-11-05 14:45:51,–ø–µ—Ä–¥–µ–∂,13,
2017-11-05 14:46:25,"V- –∑–Ω–∞—á–∏—Ç –≤–µ–Ω–¥–µ—Ç—Ç–∞
–ê –µ—Å–ª–∏ —Ç–≤–æ–π –ª—É—á—à–∏–π –¥—Ä—É–≥ –≥–µ–π?

- –Ø –≥–µ–π, - —Å–∫–∞–∑–∞–ª –æ–Ω –ø–æ—Å–ª–µ –Ω–∞–ø—Ä—è–∂–µ–Ω–Ω–æ–≥–æ –º–æ–ª—á–∞–Ω–∏—è.

–°–∫–∞–∑–∞–ª –∏ –æ—Ç–≤–µ—Ä–Ω—É–ª—Å—è –Ω–µ–º–Ω–æ–≥–æ. –°–∏–¥–∏—Ç, —Ç–µ—Ä–∑–∞–µ—Ç —á–∞—à–∫—É, –≤ –∫–æ—Ç–æ—Ä–æ–π —Ç–æ–ª—å–∫–æ –∫–æ—Ñ–µ–π–Ω–∞—è –≥—É—â–∞ –∏ –æ—Å—Ç–∞–ª–∞—Å—å. –ö—Ä—É—Ç–∏—Ç –µ–µ –Ω–∞ –±–ª—é–¥—Ü–µ. –ñ–¥–µ—Ç —á–µ–≥–æ-—Ç–æ. –ß–µ–≥–æ –∏–Ω—Ç–µ—Ä–µ—Å–Ω–æ? –ß—Ç–æ —è –µ–º—É –≤ –æ—Ç–≤–µ—Ç —Å–∫–∞–∑–∞—Ç—å –¥–æ–ª–∂–µ–Ω —Å–ø—Ä–∞—à–∏–≤–∞–µ—Ç—Å—è!

–ù–µ—Ç, –Ω—É –≤–æ—Ç –∂–µ –≥–∞–¥—ë–Ω—ã—à. –ú—ã –∑–Ω–∞–µ–º –¥—Ä—É–≥ –¥—Ä—É–≥–∞ —É–∂–µ —Å–∫–æ–ª—å–∫–æ, –¥–≤–µ–Ω–∞–¥—Ü–∞—Ç—å, –Ω–µ—Ç, –ø—è—Ç–Ω–∞–¥—Ü–∞—Ç—å –ª–µ—Ç. –ú—ã –¥—Ä—É–∑—å—è, –≤ –∫–æ–Ω—Ü–µ –∫–æ–Ω—Ü–æ–≤, –∞ –æ–Ω –≤—Å–µ —ç—Ç–æ –≤—Ä–µ–º—è –ø–æ–¥–ª–æ –ø—Ä–∏–∫–∏–¥—ã–≤–∞–ª—Å—è –Ω–æ—Ä–º–∞–ª—å–Ω—ã–º. –ì–∞–¥, –≥–∞–¥, –≥–∞–¥. –¢–∞–∫ –±—ã –∏ –≤–∫–∞—Ç–∏–ª –µ–º—É –ø–æ —Ä–æ–∂–µ. –Ø –ø–æ–¥–∞–≤–∞–ª –µ–º—É —Ä—É–∫—É, —è –ø–∏–ª —Å –Ω–∏–º, —è –∑–≤–∞–ª –µ–≥–æ —Å–≤–æ–∏–º –¥—Ä—É–≥–æ–º. –ú—ã –≤–º–µ—Å—Ç–µ –∏—Å–∫–æ–ª–µ—Å–∏–ª–∏ –ø–æ–ª—Å—Ç—Ä–∞–Ω—ã, –∞ —ç—Ç–∞ –ø–∞–¥–ª–∞ –æ–∫–∞–∑—ã–≤–∞–µ—Ç—Å—è –ø–∏–¥–æ—Ä. –°—É–∫–∞, –Ω–µ –ø—Ä–æ—â—É –Ω–∏–∫–æ–≥–¥–∞.

–ù–µ—Ç, –Ω—É –∫–∞–∫ –æ–Ω –º–æ–≥, –∫–∞–∫ –æ–Ω –º–æ–≥ —Ç–∞–∫ –≤—Ä–∞—Ç—å. –í—Ä–∞—Ç—å, —Å—É–∫–∞, –≤—Å—é –¥–æ—Ä–æ–≥—É.

–í–æ –ø–æ–¥—Å—Ç–∞–≤–∞-—Ç–æ! –£ –º–µ–Ω—è —Ç–µ–ø–µ—Ä—å –¥—Ä—É–≥ ‚Äì –≥–æ–º–∏–∫. –õ—É—á—à–∏–π –¥—Ä—É–≥ ‚Äì –≥–æ–º–∏–∫. –î–∞ –ª—É—á—à–µ –± —Ç—ã —É–±–∏–π—Ü–µ–π –æ–∫–∞–∑–∞–ª—Å—è, —É—Ä–æ–¥ —á–µ—Ä—Ç–æ–≤!

–Ø, –Ω–∞–≤–µ—Ä–Ω–æ–µ, –µ–¥–≤–∞ –Ω–µ —Ä–∞–∑–¥–∞–≤–∏–ª —Å—Ç–∞–∫–∞–Ω —Å —Å–æ–∫–æ–º –≤ —Ä—É–∫–∞—Ö. –°–∏–¥–∏–º –≤ –∫–∞—Ñ–µ, –º–µ–∂–¥—É –Ω–∞–º–∏ —Å—Ç–æ–ª–∏–∫, –Ω–∞ –∫–æ—Ç–æ—Ä–æ–º –µ–≥–æ —É–±–∏—Ç–∞—è —á–∞—à–∫–∞ –∫–æ—Ñ–µ –∏ –º–æ–π –Ω–µ–¥–æ–±–∏—Ç—ã–π —Å—Ç–∞–∫–∞–Ω —Å–æ —Å–≤–µ–∂–µ–µ –≤—ã–∂–∞—Ç—ã–º –∞–ø–µ–ª—å—Å–∏–Ω–æ–≤—ã–º —Å–æ–∫–æ–º. –û–Ω –Ω–∞ –º–µ–Ω—è –Ω–µ —Å–º–æ—Ç—Ä–∏—Ç. –Ø –Ω–µ —Å–º–æ—Ç—Ä—é –Ω–∞ –Ω–µ–≥–æ. –ß—Ç–æ —Ç–∞–º —É –Ω–µ–≥–æ –≤ –≥–æ–ª–æ–≤–µ –Ω–µ –∑–Ω–∞—é. –ö–∞–∫–∏–µ-—Ç–æ, –Ω–∞–≤–µ—Ä–Ω–æ–µ, —Å–≤–æ–∏ –≥–æ–º–æ—Å–µ–∫–æ–≤—Å–∫–∏–µ –º—ã—Å–ª–∏—à–∫–∏.

–ï–≥–æ –∂ –º–∞—Ç—å! –°–∫–æ–ª—å–∫–æ —Ä–∞–∑ –≤ –ø–∞–ª–∞—Ç–∫–µ —Ä—è–¥–æ–º —Å–ø–∞–ª–∏, —Ç–µ–ø–µ—Ä—å –Ω–µ –æ—Ç–º—ã—Ç—å—Å—è –∂–µ –≤–æ–≤–µ–∫!

–í –≥–æ–ª–æ–≤—É –ª–µ–∑–µ—Ç –≤—Å—è–∫–∞—è —á—É—à—å. –í–¥—Ä—É–≥ —è—Å–Ω–æ –≤—Å—Ç–∞–ª–∞ –ø–µ—Ä–µ–¥ –≥–ª–∞–∑–∞–º–∏ –∫–∞—Ä—Ç–∏–Ω–∞: –í–∏—Ç—å–∫–∞ –≤ –∫–∞–∫–æ–º-—Ç–æ –¥–∏–∫–æ–º –Ω–∞—Ä—è–¥–µ –∏–∑ –ø–µ—Ä—å–µ–≤, —Å –±–ª–µ—Å—Ç–∫–∞–º–∏, –Ω–∞–∫—Ä–∞—à–µ–Ω–Ω—ã–π. –ß—É—à—å –∫–∞–∫–∞—è-—Ç–æ! –ù–µ –º–æ–∂–µ—Ç –±—ã—Ç—å, –≤—Ä–µ—Ç, –Ω–∞–≤–µ—Ä–Ω–æ–µ, –ø—Ä–∏–¥—É—Ä–æ–∫. –ö—É–ø–∏–ª –º–µ–Ω—è, –∞ —Å–∞–º —Ç–∏—Ö–æ –ø—Ä–æ —Å–µ–±—è –ø–æ—Å–º–µ–∏–≤–∞–µ—Ç—Å—è.

–°–∏–∂—É.
–°–º–æ—Ç—Ä—é –Ω–∞ –æ—à–º–µ—Ç–∫–∏ –∞–ø–µ–ª—å—Å–∏–Ω–∞, –ø–ª–∞–≤–∞—é—â–∏–µ –≤ —Å–æ–∫–µ.
–í—ã–∂–∞—Ç—ã–π —Ñ—Ä—É–∫—Ç.
–í—ã–∂–∞—Ç—ã–π –∞–ø–µ–ª—å—Å–∏–Ω.
–í—ã–∂–∞—Ç—ã–π –∑–∞–≤–æ–¥–Ω–æ–π –∞–ø–µ–ª—å—Å–∏–Ω.
–í—ã–∂–∞—Ç—ã–π –∑–∞–≤–æ–¥–Ω–æ–π –∞–ø–µ–ª—å—Å–∏–Ω, —É –∫–æ—Ç–æ—Ä–æ–≥–æ –∫–æ–Ω—á–∏–ª—Å—è –∑–∞–≤–æ–¥.
–ß—Ç–æ —Ç–µ–ø–µ—Ä—å —Å –Ω–∏–º –¥–µ–ª–∞—Ç—å? –Ø –Ω–µ –∞–ø–µ–ª—å—Å–∏–Ω –∏–º–µ–ª –≤–≤–∏–¥—É, –∞ –µ–≥–æ. –î—Ä—É–≥–∞ –º–æ–µ–≥–æ‚Ä¶ –ë—ã–≤—à–µ–≥–æ –¥—Ä—É–≥–∞. –ò —Ç–æ–ª—å–∫–æ –Ω–µ –Ω–∞–¥–æ –º–Ω–µ —Ç—É—Ç –ø—Ä–æ —Ç–æ–ª–µ—Ä–∞–Ω—Ç–Ω–æ—Å—Ç—å, –ø—Ä–æ –≤—Å—è–∫—É—é –¥—Ä—É–≥—É—é —á—É—à—å. –û–Ω –≤—Ä–∞–ª –º–Ω–µ. –û–Ω –≤—Ä–∞–ª –≥–∞–¥–µ–Ω—ã—à, –≤—Ä–∞–ª, –≤—Ä–∞–ª –∏ –≤—Ä–∞–ª. –ò –Ω–µ —Ç–æ–ª—å–∫–æ –º–Ω–µ.

–î—Ä—É–≥ –Ω–∞–∑—ã–≤–∞–µ—Ç—Å—è.
–î—Ä—É–≥.
–î—Ä—É–≥.
–î—Ä—É–≥.
–ï–¥–∏–Ω—Å—Ç–≤–µ–Ω–Ω—ã–π –º–æ–π –Ω–∞—Å—Ç–æ—è—â–∏–π –¥—Ä—É–≥.
–í—Å–µ–≥–¥–∞ –∂ —Ä—è–¥–æ–º –±—ã–ª. –í—Å–µ–≥–¥–∞ —Å–æ —Å–≤–æ–∏–º —É—á–∞—Å—Ç–∏–µ–º. –°–æ —Å–≤–æ–∏–º —Å–æ—á—É–≤—Å—Ç–≤–∏–µ–º. –°–æ –≤—Å–µ–π —Å–≤–æ–µ–π —Ñ–∞–ª—å—à—å—é. –ö–∞–∫ –∂–µ –æ–Ω –º–æ–≥!!! –ù—É –∫–∞–∫! –ö–∞–∫ –º–æ–∂–Ω–æ –±—ã–ª–æ —Ç–∞–∫ –∏–∑–æ–±—Ä–∞–∂–∞—Ç—å –¥—Ä—É–∂–±—É, –Ω–∞—Å—Ç–æ—è—â—É—é –º—É–∂—Å–∫—É—é –¥—Ä—É–∂–±—É. –¢–∞—â–∏—Ç—å –º–µ–Ω—è –∏–∑ –ø–µ—Ä–µ–¥—Ä—è–≥ –∑–∞ —à–∫–∏—Ä–∫—É –∏ –ø—Ä–∏ —Ç–æ–º –≤—Ä–∞—Ç—å. –í—Ä–∞—Ç—å, –≤—Ä–∞—Ç—å –∏ –≤—Ä–∞—Ç—å! –°—É–∫–∞, –∫–∞–∫ –æ–Ω –º–æ–≥!?

–Ø –ø–æ—Å–º–æ—Ç—Ä–µ–ª –Ω–∞ –í–∏—Ç—å–∫—É. –°–∏–¥–∏—Ç. –ú–æ—Ä–¥–∞ –ø–µ—Ä–µ–∫–æ—à–µ–Ω–∞. –°–µ–π—á–∞—Å –µ—â–µ, –Ω–µ –¥–∞–π –ë–æ–≥, —Ä–∞—Å–ø–ª–∞—á–µ—Ç—Å—è, –ø–µ–¥–∏–∫ —á–µ—Ä—Ç–æ–≤. –ò —á—Ç–æ –º–Ω–µ —Å –Ω–∏–º —Ç–æ–≥–¥–∞ –¥–µ–ª–∞—Ç—å?!
–°–∏–¥–∏—Ç, —Å–æ–ø–∏—Ç. –ñ–¥–µ—Ç, —á—Ç–æ —è —Å–∫–∞–∂—É. –Ø –ø–æ—Å–º–æ—Ç—Ä–µ–ª –Ω–∞ —á–∞—Å—ã. –ü–æ–ª—à–µ—Å—Ç–æ–≥–æ. –î–∞–≤–Ω–æ —Å–∏–¥–∏–º. –ò –≤—Å–µ —Ä–∞–¥–∏ –µ–≥–æ –ø—Ä–∏–∑–Ω–∞–Ω–∏—è, —á—Ç–æ –æ–Ω –≥–µ–π. –Ø –ø–æ—Å–º–æ—Ç—Ä–µ–ª –Ω–∞ —á–∞—Å—ã. –ï–≥–æ —á–∞—Å—ã. –ú—ã –∫–∞–∫-—Ç–æ –Ω–∞–ø–∏–ª–∏—Å—å, —è –ø–æ—Ö–≤–∞–ª–∏–ª –µ–≥–æ ‚Äì ¬´–º–æ–ª, –∫–æ—Ç–ª—ã —É —Ç–µ–±—è –∫–æ–∑—ã—Ä–Ω—ã–µ¬ª. –ê –æ–Ω –∏—Ö —Å–Ω—è–ª –∏ –º–Ω–µ –æ—Ç–¥–∞–ª. ¬´–ù—Ä–∞–≤—è—Ç—Å—è ‚Äì –Ω–æ—Å–∏¬ª - –≥–æ–≤–æ—Ä–∏—Ç. –ù–æ—à—É. –ú–Ω–µ —Ç–æ–≥–¥–∞ –ø—Ä–∏—à–ª–æ—Å—å —Ä–∞—Å—Å—Ç–∞–≤–ª—è—Ç—å –±—Ä–∞—Å–ª–µ—Ç ‚Äì —É –í–∏—Ç—å–∫–∏ —Ä—É–∫–∞ —É–∂–µ –º–æ–µ–π. –û–Ω–∏ –¥–æ —Å–∏—Ö –ø–æ—Ä –º–Ω–µ –Ω–µ–º–Ω–æ–≥–æ –Ω–∞—Ç–∏—Ä–∞—é—Ç –∑–∞–ø—è—Å—Ç—å–µ. –•–æ—Ä–æ—à–∏–µ —á–∞—Å—ã. Orient. –ù–µ –æ—Å–æ–±–∞—è –∫—Ä—É—Ç—å, –Ω–æ –æ—á–µ–Ω—å –¥–æ–±—Ä–æ—Ç–Ω—ã–µ –∏ –Ω–∞–¥–µ–∂–Ω—ã–µ. –Ø –∏—Ö —É–∂–µ –≤–æ—Å–µ–º—å –ª–µ—Ç –Ω–æ—à—É. –ù–µ —Å–Ω–∏–º–∞—é. –ù–∞—Å—Ç–æ—è—â–∞—è –≤–µ—â—å ‚Äì –Ω–∞–¥–µ–∂–Ω–∞—è.
–Ø –µ—â–µ —Ä–∞–∑ –≤–∑–≥–ª—è–Ω—É–ª –Ω–∞ —á–∞—Å—ã ‚Äì —à–µ—Å—Ç—å —Ç—Ä–∏–¥—Ü–∞—Ç—å –¥–≤–µ.
–ë–æ–∂–µ, –∫–∞–∫–æ–π –∂–µ —è –≥–æ–≤–Ω—é–∫!
- –ß—Ç–æ —Ç—ã —Å–∫–∞–∑–∞–ª? ‚Äì –≤—ã–¥–∞–≤–∏–ª —è –∏–∑ —Å–µ–±—è –≤–æ–ø—Ä–æ—Å.
- –Ø –≥–µ–π, - –æ—Ç–≤–µ—Ç–∏–ª –í–∏—Ç—å–∫–∞ –≥–æ–ª–æ—Å–æ–º –æ–±—Ä–µ—á–µ–Ω–Ω–æ–≥–æ.
- –ù–∏ —É –∏ —á—Ç–æ, –∫–∞–∫–∞—è —Ä–∞–∑–Ω–∏—Ü–∞? - —Å–∫–∞–∑–∞–ª —è, –≥–ª—è–¥—è –µ–º—É –≤ –≥–ª–∞–∑–∞, - —Ç—ã –∂ –º–æ–π –¥—Ä—É–≥.",33,photo
2017-11-05 14:46:34,"",9,photo
2017-11-05 14:47:41,"–ß–µ–µ–µ–µ
–ö–∞–∫ –¥–µ–ª–∞–∞–∞–∞–∞",42,
2017-11-05 14:47:45,–û–±–æ–∂–∞—é –¥—Ä—É–∑–µ–π‚ù§Ô∏è,28,
2017-11-05 14:48:08,[id283060744|–ê–Ω–¥—Ä–µ–π –ê—Ñ–æ–Ω—å–∫–∏–Ω] - –ø–∏–¥–æ—Ä,2,
2017-11-05 14:48:15,"–ö–æ–º—É-—Ç–æ –º—ã –Ω—Ä–∞–≤–∏–º—Å—è , –∫–æ–º—É-—Ç–æ –Ω–µ—Ç . –£ –∫–∞–∂–¥–æ–≥–æ —Å–≤–æ–π –≤–∫—É—Å üòå.",36,
2017-11-05 14:49:45,–î—Ä–∞—Å—Ç–µ,6,
2017-11-05 14:51:15,"–ö–∞–∫–∏–µ –∂–µ –ª—é–¥–∏ —Ç–≤–∞—Ä–∏. –õ—é–±–∏—à—å –∏—Ö, –∂–∏–≤—ë—à—å –∏–º–∏, –∞ –æ–Ω–∏ –¥–∞–∂–µ –Ω–µ —É–ª—ã–±–Ω—É—Ç—å—Å—è –≤ –æ—Ç–≤–µ—Ç. –ö–∞–∫ –º–Ω–æ–≥–æ —Ä–∞–∑ –ø–æ–∫–∞–∑—ã–≤–∞–ª–∞ –º–Ω–µ –∂–∏–∑–Ω—å, —á—Ç–æ –Ω–∞–¥–æ –≤—Å–µ–≥–¥–∞ —Å—Ç–∞–≤–∏—Ç—å —Å–µ–±—è –ø—Ä–µ–≤—ã—à–µ –≤—Å–µ–≥–æ, –Ω–∞–¥–æ —É–¥–µ–ª—è—Ç—å –≤—Ä–µ–º—è —Ç–æ–ª—å–∫–æ –Ω–∞ —Å–∞–º–æ—Ä–∞–∑–≤–∏—Ç–∏–µ, –∏–º–µ–Ω–Ω–æ —Ç–æ–≥–¥–∞ –∏ –±—É–¥–µ—Ç —É—Å–ø–µ—Ö –∏ —Å–ø–æ–∫–æ–π—Å—Ç–≤–∏–µ, –Ω–æ –Ω–µ –º–æ–≥—É —è —Ç–∞–∫... —ç—Ç–æ —É–∂–µ, –Ω–∞–≤–µ—Ä–Ω–æ–µ, –∫–∞–∫ –ø—Ä–∏–≤—ã—á–∫–∞ - –∂–∏—Ç—å –∫–µ–º-—Ç–æ –∏–ª–∏ —á–µ–º-—Ç–æ. –≠—Ç–æ —Å–∫–æ–≤—ã–≤–∞–µ—Ç –º–µ–Ω—è. –ó–∞–∫–ª—é—á–∞–µ—Ç –≤ —Ü–µ–ø–∏. –Ø –Ω–∞—á–∏–Ω–∞—é –∑–∞–º—ã–∫–∞—Ç—å—Å—è. –£ –º–µ–Ω—è —Å–ª—É—á–∞–µ—Ç—Å—è –ø–æ—Å—Ç–æ—è–Ω–Ω–∞—è –¥–µ–ø—Ä–µ—Å—Å–∏—è. –Ø –Ω–µ –º–æ–≥—É –±–æ–ª—å—à–µ —Ç–∞–∫. –ù—É–∂–Ω–æ —Å–æ–±—Ä–∞—Ç—å—Å—è —Å —Å–∏–ª–∞–º–∏, –≤–æ–∑–º—É–∂–∞—Ç—å –∏, –Ω–∞–∫–æ–Ω–µ—Ü, –±—ã—Ç—å —ç–≥–æ–∏—Å—Ç–æ–º. –í—ã –º–æ–∂–µ—Ç–µ –Ω–µ —Å–æ–≥–ª–∞—Å–∏—Ç—å—Å—è, –Ω–æ —Ç–∞–∫–æ–≤–∞ –ø—Ä–∞–≤–¥–∞. –Ø –µ—Å—Ç—å —è. –ò –Ω–∏–∫—Ç–æ –Ω–µ –º–æ–∂–µ—Ç –º–µ–Ω—è –∏–∑–º–µ–Ω–∏—Ç—å. –°–ø–∞—Å–∏–±–æ –∑–∞ –≤–Ω–∏–º–∞–Ω–∏–µ.",30,
2017-11-05 14:51:16,"–û–ª—å—Ö–æ–≤—É—à–∫–∞, –≤—Å–µ –Ω–∞ –æ—Ñ–∏—Åüëå",40,
2017-11-05 14:52:03,–≤—ã –ø–∏–¥–æ—Ä–∞—Å—ã —Ö–≤–∞—Ç–∏—Ç —É–µ–±–∫–∏,32,
2017-11-05 14:52:41,–ú—ã –Ω–µ —Ñ–µ–π—Å –∏ –Ω–∞–º –ø–æ—Ö—É–π,10,
2017-11-05 14:52:50,–ó–î–†–ê–°–¢–í–£–ô–¢–ï –ú–ù–ê–ì–ê–£–í–ê–ñ–ê–ò–ú–ò–ï –ó–Ø–ë–õ–´ –° –í–ê–ú–ò –ü–ê–ñ–ï–õ–ê–Ø –ü–ê–°–¢–ê,3,
2017-11-05 14:53:23,–° –ü–†–ê–ó–î–ù–ò–ö–û–ú –í–°–ï–• –ü–†–ò–ß–ê–°–¢–ù–´–•ü¶á,105,photo
2017-11-05 14:55:25,"–ì–æ –ø–æ–≥—É–ª—è–µ–º –ø—Ä—è–º–æ —Å–µ–π—á–∞—Å, –≤ –∫–æ–º–µ–Ω—Ç—ã —Å–≤–æ–π –≥–æ—Ä–æ–¥ –∏–ª–∏ —Å–µ–ª–æü§ì",45,photo
2017-11-05 14:55:31,–ú–∞–∫—Å–∏–º –ò–ª—å–∏–Ω –¥–æ–ª–±–∏—Ç—Å—è –≤ –∂–æ–ø—É —Å –æ—Ä–∞–Ω–≥—É—Ç–∞–Ω–≥–∞–º–∏,22,
2017-11-05 14:56:07,Help me,10,
2017-11-05 14:56:33,–î–∞ –ø—Ä–∏–±—É–¥–µ—Ç —Å –≤–∞–º–∏ —Å–∏–ª–∞ üò±,30,photo
2017-11-05 14:57:02,–ê–ª—Ç–∞–Ω–∞ –ª–æ—Ö,4,
2017-11-05 14:57:59,–•–µ–π,20,
2017-11-05 14:58:23,"–ù–∞ —É–ª–∏—Ü–µ —Ç–∞–∫ —Å—Ç—Ä–∞—à–Ω–æ, –∫–∞–∫ –Ω–∞ –ª–∏—Ü–∞—Ö –≤–∞—à–∏—Ö –±–∞–±",44,
2017-11-05 14:59:11,"–ü–∞–º—è—Ç–∏ –Ω–∞—à–µ–≥–æ –±—Ä–∞—Ç–∞.
–ù–∞–¥–æ, –∂–µ...–∫–∞–∫ –±—ã–≤–∞–µ—Ç. –í–æ—Ç –ø–æ—á–µ–º—É —Ç–∞–∫ –≤—Å–µ–≥–¥–∞ —Å–æ –º–Ω–æ–π, –ø–æ—Å–ª –∫–∞–∂–¥–æ–≥–æ —Ç–æ–ª–∫–æ–≤–æ–≥–æ —Ñ–∏–ª—å–º–∞ –ø—Ä–∏—Ö–æ–∂—É –∫ –≤—ã–≤–æ–¥–∞–º. –ß—Ç–æ –Ω–∞–¥–æ —á—Ç–æ-—Ç–æ –º–µ–Ω—è—Ç—å, —á–µ–≥–æ-—Ç–æ –¥–µ–ª–∞—Ç—å... –ü–æ—á–µ–º—É –º–Ω–µ —É–∂–µ 20, –∞ —è –≤—Å–µ —Ö–æ—á—É... –∏–º–µ–Ω–Ω–æ —Ç–æ–ª—å–∫–æ —Ö–æ—á—É —Ç–æ–≥–æ –∂–µ... —è –Ω–∏ –Ω–∞ —à–∞–≥ –Ω–µ –ø—Ä–∏–±–ª–∏–∑–∏–ª—Å—è –∫–æ –≤—Å–µ–º—É —ç—Ç–æ–º—É –∑–∞ 4 –≥–æ–¥–∞... –ò–ª–∏ –ø—Ä–∏–±–ª–∏–∑–∏–ª—Å—è??? –Ø –Ω–∞–≤–µ—Ä–Ω–æ–µ, –Ω–µ –∑–Ω–∞—é —á–µ–≥–æ —Ö–æ—á—É???.... –ö–∞–∫ —Å–∫–∞–∑–∞–Ω–æ –±—ã–ª–æ –≤ –ø–æ—Å–ª–µ–¥–Ω–µ–π –ø—Ä–æ—Å–º–æ—Ç—Ä–µ–Ω–Ω–æ–π –∫–∞—Ä—Ç–∏–Ω–µ: ""–ó–∞—á–µ–º –º–Ω–µ –≤—Å–µ —ç—Ç–æ –±–µ–∑ –º–∏—Ä–∞ —Å —Å–æ–±–æ–π?""... –£ –º–µ–Ω—è –Ω–∞–≤–µ—Ä–Ω–æ–µ, –≤ –≥–æ–ª–æ–≤–µ –ø–æ–ª–Ω–∞—è –Ω–µ—Ä–∞–∑–±–µ—Ä–∏—Ö–∞... –ü–æ—á–µ–º—É —Ç–∞–∫–∏–µ –≥—Ä–∞–Ω–∏—Ü—ã??? –ü–æ—á–µ–º—É –≤ 16 –∂–∏–∑–Ω—å —Ç–æ–ª—å–∫–æ –Ω–∞—á–∏–Ω–∞–µ—Ç—Å—è...–≤ 17 –∂–∏–∑–Ω—å —Ç–æ–ª—å–∫–æ –Ω–∞—á–∏–Ω–∞–µ—Ç—Å—è...–≤ 18 –æ–Ω–∞ —Ç–æ–ª—å–∫–æ –µ—â–µ –Ω–∞—á–∏–Ω–∞–µ—Ç—Å—è –∏ —Å—Ç–æ–ª—å–∫–æ –µ—â–µ –≤—Ä–µ–º–µ–Ω–∏... –≤ 19 –≤—Ä–µ–º–µ–Ω–∏ –Ω–µ –º–µ–Ω—å—à–µ, –∏ –∂–∏–∑–Ω—å —Ç–æ–ª—å–∫–æ-—Ç–æ–ª—å–∫–æ –Ω–∞—á–∏–Ω–∞–µ—Ç—Å—è...–ø–æ—á–µ–º—É –≤ 20 –≤–¥—Ä—É–≥ —Ç—ã –ø–æ–Ω–∏–º–∞–µ—à—å, —á—Ç–æ –Ω–∏—á–µ–≥–æ –æ—Å–æ–±–æ –∏ –Ω–µ –∏–∑–º–µ–Ω–∏–ª–æ—Å—å? –ò–ª–∏ –ø–æ—á–µ–º—É –≤ 25 —Ç—ã –≤–¥—Ä—É–≥ –Ω–∞—á–Ω–µ—à—å...—Å—Ç–∞—Ä–µ—Ç—å? –ú–µ–Ω—è –±–µ—Å–ø–æ–∫–æ–∏—Ç, –Ω–µ –±—É–¥—É –ª–∏ —è —Å–µ–±—è —Ç–µ—à–∏—Ç—å –≤ 24 –≥–æ–¥–∞, —á—Ç–æ –∂–∏–∑–Ω—å –µ—â–µ —Ç–æ–ª—å–∫–æ –Ω–∞—á–∏–Ω–∞–µ—Ç—Å—è? –ò –Ω–µ –Ω–∞–¥–æ –≥–æ–≤–æ—Ä–∏—Ç—å, —á—Ç–æ –º–æ–ª, –Ω—É —Ç—ã –º–æ–ª–æ–¥ –µ—â–µ...—Å—Ç–æ–ª—å–∫–æ –≤–ø–µ—Ä–µ–¥–∏? –¢–æ–≥–¥–∞ –ø–æ—á–µ–º—É –≤—Å–µ –¥–æ –µ–¥–∏–Ω–æ–≥–æ –≤–¥—Ä—É–≥ –ø–æ–Ω–∏–º–∞—é—Ç, —á—Ç–æ —á–µ–≥–æ-—Ç–æ —É–∂–µ –ø–æ–∑–¥–Ω–æ –¥–µ–ª–∞—Ç—å, –∫–æ–≥–¥–∞ ""–≤–¥—Ä—É–≥"" –ø–æ—Å–ª–µ 25 –Ω–∞—Å—Ç–∞–µ—Ç 40? –ù–µ—Ç, —è –Ω–µ –¥—É–º–∞—é –æ —Å—Ç–∞—Ä–æ—Å—Ç–∏... –Ø –¥—É–º–∞—é –æ —Ç–æ–º, –ø–æ—á–µ–º—É —è —Å—Ç–æ—é –Ω–∞ –º–µ—Å—Ç–µ –æ—Ç–Ω–æ—Å–∏—Ç–µ–ª—å–Ω–æ —Å–≤–æ–∏—Ö —Å—Ç—Ä–µ–º–ª–µ–Ω–∏–π? –Ø –≤–µ–¥—å –Ω–∞–¥–µ–ª–∞–ª —É–∂–µ –º–∞—Å—Å—É –æ—à–∏–±–æ–∫... –ü–æ—á–µ–º—É —Ç–∞–∫ –ª–µ–≥–∫–æ –ø–µ—Ä–µ–ª–∞–ø–∞—Ç–∏—Ç—å —á–µ–ª–æ–≤–µ–∫–∞, –∞ —Å–µ–±—è? –ù–µ—É–∂–µ–ª–∏ –º—ã —Å–µ–±–µ –¥–æ–≤–µ—Ä—è–µ–º –º–µ–Ω—å—à–µ –≤—Å–µ–≥–æ, —á—Ç–æ –ª–∂–µ–º. –Ø –¥–æ–ª–∂–µ–Ω –∑–∞–º–µ—Ç–∏—Ç—å, —á—Ç–æ –∫–∏–Ω–æ - –≤–µ–ª–∏–∫–æ–µ –∏—Å–∫—É—Å—Å—Ç–≤–æ... –Ø –¥–µ–π—Å—Ç–≤–∏—Ç–µ–ª—å–Ω–æ —Ç–∞–∫ –Ω–µ–ø—Ä–æ–±–∏–≤–∞–µ–º–æ —É–ø—Ä—è–º? –≠—Ç–æ —Ö–æ—Ä–æ—à–æ? –ú–æ–∂–µ—Ç, —è –Ω–µ –≤–∏–∂—É –¥–∞–ª—å—à–µ —Å–≤–æ–µ–≥–æ –Ω–æ—Å–∞? –•–º... –∞ –º–æ–∂–µ—Ç –≤—ã –≤—Å–µ, –∫—Ç–æ —á–∏—Ç–∞—é—Ç, –æ–± —ç—Ç–æ–º –∑–∞–¥—É–º—ã–≤–∞–ª–∏—Å—å, –∏–ª–∏ –∑–∞–¥—É–º–∞–µ—Ç–µ—Å—å. –ú–æ–∂–µ—Ç –ø–æ—Ä–∞ —Å–ø—É—Å—Ç–∏—Ç—å—Å—è —Å –Ω–µ–±–µ—Å –Ω–∞ –∑–µ–º–ª—é...–∏–ª–∏ –Ω–∞–æ–±–æ—Ä–æ—Ç, –≤–∑–ª–µ—Ç–µ—Ç—å? –ú–Ω–µ –≤–æ—Ç –∏–Ω—Ç–µ—Ä–µ—Å–Ω–æ, –∫—Ç–æ –∏–∑ —Ç–µ—Ö, —á—Ç–æ —ç—Ç–æ —á–∏—Ç–∞—é—Ç, —Ö–æ—á–µ—Ç –≤ —Å–µ–±–µ —á—Ç–æ-—Ç–æ –º–µ–Ω—è—Ç—å? –Ø –±—ã –¥–∞–∂–µ –ø—Ä–µ–¥–ª–æ–∂–∏–ª —ç—Ç–æ–º—É —á–µ–ª–æ–≤–µ–∫—É –º–µ–Ω—è—Ç—å—Å—è –≤–º–µ—Å—Ç–µ. –í–æ–æ–±—â–µ–º, —è –∏—Å–∫—Ä–µ–Ω–Ω–µ –≤–µ—Ä—é, —á—Ç–æ —ç—Ç–æ –≤—Ä–µ–º—è, –ø–æ–∫–∞ –º—ã –æ–¥–Ω–∏ –¥–∞–Ω–æ –Ω–∞–º –Ω–µ —Å–ª—É—á–∞–π–Ω–æ. –ù–∞–¥–æ –Ω–µ–º–Ω–æ–≥–æ –ø–æ—Ç—Ä–∞—Ç–∏—Ç—å –Ω–∞ —É–Ω—ã–Ω—å–µ (–∏–±–æ —ç—Ç–æ –ø–æ–≤–æ–¥), –Ω–µ–º–Ω–æ–≥–æ –≤ —á–µ–º-—Ç–æ —Ä–∞–∑–æ—á–∞—Ä–æ–≤–∞—Ç—å—Å—è (—ç—Ç–æ —Ç–æ–ª—á–æ–∫ –∫ –ø–µ—Ä–µ–º–µ–Ω–∞–º), –ø–æ—Å–º–æ—Ç—Ä–µ—Ç—å –Ω–∞ –º–∏—Ä –ø–æ—à–∏—Ä–µ (—ç—Ç–æ –∑–∞—Ä—è–¥), —É–∑–Ω–∞—Ç—å —Å–µ–±—è (–∞ –≤–æ—Ç —ç—Ç–æ –¥–æ–ª–≥–æ((()...–∏ —Ç–æ–≥–¥–∞ –º–æ–∂–Ω–æ –ø—Ä–∏—Å—Ç—É–ø–∞—Ç—å –∫ –ø–µ—Ä–µ–º–µ–Ω–∞–º. –Ø –ø—Ä–∞–≤–¥–∞ –¥–æ–ª–∂–µ–Ω —Ç–µ–ø–µ—Ä—å –æ–ø—Ä–µ–¥–µ–ª–∏—Ç—å—Å—è –Ω–∞ –∫–∞–∫–æ–π —è —Å—Ç–∞–¥–∏–∏? –ò –≤–∞–º —Å–æ–≤–µ—Ç—É—é.",42,
2017-11-05 15:00:01,"–ò–∑–∏ –∏–∑–∏, —Ä–∏–ª —Ç–æ–∫",10,
2017-11-05 15:00:49,"–ù–∞–∫–æ–Ω–µ—Ü-—Ç–æ , –ö–∏—Ä–∏–ª–ª –ø—Ä–∏–≤–µ—Ç , –¥–∞–≤–Ω–æ —Ö–æ—Ç–µ–ª–∞ —Ç–µ–±–µ –ø—Ä–∏–∑–Ω–∞—Ç—å—Å—è , —Ç—ã —Ç–∞–∫–æ–π –º–∏–ª—ã–π , –≥–ª–∞–∑–∞ –∫—Ä–∞—Å–∏–≤—ã–µ —Ç—è–∫—É –ø—Ä—è–º).–ù–∞–ø–∏—à–∏ –º–Ω–µ –ø–æ–∂–∞–ª—É–π—Å—Ç–∞ —Ö–æ—á—É —Å —Ç–æ–±–æ–π –ø–æ–≥—É–ª—è—Ç—å)))) [id266849734|–ö–∏—Ä–∏–ª–ª –ñ—É–∫–æ–≤—Å–∫–∏–π]",20,
2017-11-05 15:01:16,—è –ª—é–±–ª—é —á–µ—Ä–µ–ø,16,
2017-11-05 15:03:48,[id105520299|–ù–∏–∫–∏—Ç–∞ –ù–∏–∫–æ–ª–∞–µ–Ω–∫–æ] –ì–û–í–ù–û,6,
2017-11-05 15:06:13,"",15,photo
2017-11-05 15:07:16,"–ú–æ–∂–µ—Ç –±—ã—Ç—å —ç—Ç–∏ –∞–Ω–æ–Ω–∏–º–Ω—ã–µ –∑–∞–ø–∏—Å–∏ —Å–æ–∑–¥–∞–Ω—ã —Å–ø–µ—Ü–∏–∞–ª—å–Ω–æ –¥–ª—è –ª—é–¥–µ–π –∫–æ—Ç–æ—Ä—ã–º —Å–ª–æ–∂–Ω–æ –≤—ã—Å–∫–∞–∑–∞—Ç—å—Å—è?–î–ª—è –ª—é–¥–µ–π —É –∫–æ—Ç–æ—Ä—ã—Ö –∫—Ä–∏–∫ –¥—É—à–∏.–î–ª—è –ª—é–¥–µ–π –∫–æ—Ç–æ—Ä—ã–µ –º–æ–ª—á–∞ —É–ª—ã–±–∞—é—Ç—Å—è?–ê –Ω–∞ —Å–∞–º–æ–º –¥–µ–ª–µ –≥—Ä—É—Å—Ç—è—Ç?
–Ø –Ω–∏–∫–æ–≥–¥–∞ –Ω–µ —Å–∫–∞–∂—É —á–µ–ª–æ–≤–µ–∫—É –≤ –≥–ª–∞–∑–∞ —á—Ç–æ —è –Ω–∞ –Ω–µ–≥–æ –æ–±–∏–∂–µ–Ω(–∞).–ù–∏–∫–æ–≥–¥–∞ –Ω–µ —Å–∫–∞–∂—É —á—Ç–æ –º–Ω–µ –Ω–µ –Ω—Ä–∞–≤–∏—Ç—Å—è –µ–≥–æ –ø–æ–≤–µ–¥–µ–Ω–∏–µ .–Ø –Ω–µ —Ö–æ—á—É –∑–∞–¥–µ—Ç—å —á—å–∏-—Ç–æ —á—É–≤—Å—Ç–≤–∞,–Ω–µ —Ö–æ—á—É –∫–æ–≥–æ-—Ç–æ –æ–±–∏–¥–µ—Ç—å.–ù–æ –ø–æ—á–µ–º—É –Ω–∏ –æ–¥–∏–Ω —á–µ–ª–æ–≤–µ–∫ –Ω–µ —Ö–æ—á–µ—Ç –∏—Å–ø—ã—Ç–∞—Ç—å —Ç–∞–∫–æ–≥–æ –∂–µ –æ—Ç–Ω–æ—à–µ–Ω–∏—è –∫–æ –º–Ω–µ?–ü–æ—á–µ–º—É –Ω–∏–∫—Ç–æ –Ω–µ —Å–∫–∞–∂–µ—Ç –º–Ω–µ –ª–æ–∂–∏—Ç—å—Å—è —Å–ø–∞—Ç—å –ø–æ—Ç–æ–º—É-—Ç–æ –ø–æ–∑–¥–Ω–æ?–ü–æ—á–µ–º—É –Ω–∏–∫—Ç–æ –Ω–µ –æ—Ç–ø—Ä–∞–≤–∏—Ç –¥–æ–º–æ–π –∫–æ–≥–¥–∞  —è –±–µ–∑ —à–∞–ø–∫–∏?
–ì–¥–µ –∂–µ –≤–∞—à–µ –ø—Ä–∞–≤–∏–ª–æ –±—É–º–µ—Ä–∞–Ω–≥–∞?",20,
2017-11-05 15:09:04,–Ø –õ—é–±–ª—é –§—É—Ä—Ä–∏,24,photo
2017-11-05 15:09:57,–Ø –≤–ª—é–±–ª–µ–Ω–∞ –≤ —Å–≤–æ–µ–≥–æ –æ–¥–Ω–æ–∫–ª–∞—Å—Å–Ω–∏–∫–∞,18,
2017-11-05 15:10:22,üíó,45,photo
2017-11-05 15:10:36,–Ø –±–µ–∑—É–º–Ω–æ –ª—é–±–ª—é –≤ —Ç–µ–º–Ω–æ—Ç–µ —Å–º–æ—Ç—Ä–µ—Ç—å –≤ –æ–∫–Ω–æ –Ω–∞ –Ω–æ—á–Ω–æ–π –≥–æ—Ä–æ–¥.,4,
2017-11-05 15:10:44,"",35,photo
2017-11-05 15:11:23,La vie est belle.,32,
2017-11-05 15:11:52,–ò–≥—É–∞–Ω–∞ –∑–º–µ—è - –∏–≥—É–∞–Ω–∞ –µ–±–∞—Ç—å –Ω–∞—Ö—É–π,36,
2017-11-05 15:12:14,"–Ω–∏—á—Ç–æ –≤ –∂–∏–∑–Ω–∏ –Ω–µ –ø—Ä–∏–Ω–µ—Å–µ—Ç —Ç–µ–±–µ —Å—Ç–æ–ª—å–∫–æ —Å—á–∞—Å—Ç—å—è, —Å–∫–æ–ª—å–∫–æ –ø—Ä–∏–Ω–µ—Å–µ—Ç —Ç–µ–±–µ —Ö–∞—Ä–¥–±–∞—Å",12,
2017-11-05 15:13:20,),49,
2017-11-05 15:14:23,"–ò–¥–µ–∞–ª—å–Ω–æ –±—ã–ª–æ –±—ã —Å–æ–∑–¥–∞—Ç—å –°–ú–ò, –≤ –∫–æ—Ç–æ—Ä–æ–º –ø–æ—Å–ª–µ–¥–Ω–∏–µ —Å–æ–±—ã—Ç–∏—è –º–∏—Ä–∞ –ø–µ—Ä–µ–¥–µ–ª—ã–≤–∞–ª–∏—Å—å –Ω–∞ —Å—Ä–µ–¥–Ω–µ–≤–µ–∫–æ–≤—ã–π –ª–∞–¥. –≠—Ö, –Ω–æ —Ç–æ–ª—å–∫–æ –Ω–∞–≤–µ—Ä–Ω–æ –Ω–∏–∫—Ç–æ –Ω–µ –±—É–¥–µ—Ç —á–∏—Ç–∞—Ç—å –∏ –¥–æ–Ω–∞—Ç–∏—Ç—å —Ç–∞–∫–æ–º—É –°–ú–ò, –¥–∞ –∏ –ª–∏—Ü–µ–Ω–∑–∏—é –Ω–µ –ø–æ–ª—É—á–∏—Ç ._.",21,
2017-11-05 15:14:30,–ö–æ–ª–µ—Å–Ω–∏–∫–æ–≤–∞ –¥—É—Ä–∞,19,
2017-11-05 15:14:30,._.,4,
2017-11-05 15:14:51,"–Ø –ø—Ä–æ—Å—Ç–æ –≤–ª—é–±–∏–ª—Å—è, —è –≤–ª–∏–ø –∏ —Ä–∞–∑–±–∏–ª—Å—è...–∏ —ç—Ç–æ —É –Ω–∞ –æ–±–æ—é–¥–Ω–æ –º–Ω–µ –∫–∞–∂–µ—Ç—Å—è...–º–∞–ª—ã—à, —Ç—ã –ª—É—á—à–∞—è)‚ù§",22,
2017-11-05 15:16:24,–ß–ª–µ–Ω,17,
2017-11-05 15:16:32,–•–∞–π,12,
2017-11-05 15:16:38,–†–∏–ª –†–∂–∞–∫–∞,13,
2017-11-05 15:17:12,–∞,36,
2017-11-05 15:17:29,.,9,
2017-11-05 15:17:51,–≥–æ –µ–±–∞—Ü–∞,40,
2017-11-05 15:18:29,[id207867356|–í–ª–∞–¥ –®—Ç—Ä–∞—É—Ö]  –¢—ã –ø–∏—Ç—É—Ö,7,
2017-11-05 15:18:48,–¢—ã –ª–æ—Ö,5,photo
2017-11-05 15:19:35,ü§´ü§´ü§´,20,
2017-11-05 15:19:50,"–î–µ—Ä–∂—É –ø–∞—Ä–∏, —á—Ç–æ –≤–æ–∑–º–æ–∂–Ω–æ—Å—Ç—å –∞–Ω–æ–Ω–∏–º–Ω–æ–≥–æ –ø–æ—Å—Ç–∞ –≤—ã–∑–≤–∞–Ω–∞ –ø—Ä–æ–≤–µ–¥–µ–Ω–∏–µ–º —Ç–∞–π–Ω–æ–≥–æ –∏—Å—Å–ª–µ–¥–æ–≤–∞–Ω–∏—è. –ù–∞–ø—Ä–∏–º–µ—Ä, –ø–æ—Å–º–æ—Ç—Ä–µ—Ç—å, –∞ —á—Ç–æ –∂–µ –±—É–¥—É—Ç –ø–∏—Å–∞—Ç—å –ø–æ–ª—å–∑–æ–≤–∞—Ç–µ–ª–∏, –µ—Å–ª–∏ –º—ã –∏–º —Å–∫–∞–∂–µ–º, —á—Ç–æ –æ–Ω–∏ –æ—Å—Ç–∞–Ω—É—Ç—å—Å—è –∞–Ω–æ–Ω–∏–º–Ω—ã? –ó–∞—á–µ–º —ç—Ç–æ –Ω–∞–¥–æ –ø–æ–∫–∞ –Ω–µ—è—Å–Ω–æ, –≤–æ–∑–º–æ–∂–Ω–æ, —ç—Ç–æ —Ç–∞–∫–æ–π –ø–∏–ª–æ—Ç–Ω—ã–π –∑–∞–ø—É—Å–∫ —Å —Ü–µ–ª—å—é –ø–æ—Å–º–æ—Ç—Ä–µ—Ç—å, —á—Ç–æ –∂–µ –æ–Ω–∏ –Ω–∞ —Å–∞–º–æ–º –¥–µ–ª–µ –¥—É–º–∞—é—Ç, —Ç–∞–∫ —Å–∫–∞–∑–∞—Ç—å, –ø—Ä–æ–≤–µ—Å—Ç–∏ –∞–Ω–∞–ª–∏–∑ –∏ —Ä–∞—Å–∫—Ä—ã—Ç—å –ª–∞—Ç–µ–Ω—Ç–Ω—ã—Ö —Ö–µ–π—Ç–µ—Ä–æ–≤, –æ–ø–ø–æ–∑–∏—Ü–∏–æ–Ω–µ—Ä–æ–≤ –∏–ª–∏ –∫–æ–≥–æ-—Ç–æ –µ—â–µ.",23,photo
2017-11-05 15:19:55,–≤—Å–µ –º—Ä–∞–∑–∏ –∏ —Å—É–∫–∏,22,
2017-11-05 15:20:20,–ö–∞–∫–∞—à–∫–∞ [id171982456|–Æ–ª–∏—è –í–µ—Ä–µ—â–∞–∫–æ],17,
2017-11-05 15:20:49,–ö—Ç–æ —Ç—É—Ç–∞?,7,
2017-11-05 15:20:51,–ª—é–±–ª—é —Å–µ–±—è,86,
2017-11-05 15:21:35,–ü–∞–ª–∏ –¥—ç–±–∏–ª—ã,5,
2017-11-05 15:22:59,"",15,photo
2017-11-05 15:23:33,–ö—É–ª–∞–∫–æ–≤ —Å—É–∫–∞,5,
2017-11-05 15:24:07,–≤–æ–∫—Ä—É–≥ —Å–ª–∏—à–∫–æ–º –º–Ω–æ–≥–æ –ø–∞—Ñ–æ—Å–∞,27,
2017-11-05 15:25:17,–±–ª—è–¥—å —Ç–æ–≤–∞—Ä–∏—â–∏ –Ω–µ —Å–º–µ—à–Ω–æ –Ω–∞—Ö—É–π,43,
2017-11-05 15:27:06,–Ø —Ä–æ–Ω—è—é –ò—Ä–∫—É—Ç—Å–∫ üë®üèø‚Äçüíº,26,
2017-11-05 15:27:24,–Ω–∞–¥–µ—é—Å—å –≤—ã —Å–¥–æ—Ö–Ω–∏—Ç–µ,9,
2017-11-05 15:28:30,"–î—É—Ä–∞, –¥—É—Ä–∞, –¥—É—Ä–∞ —Ç—ã –≤ –º–µ—á—å—Ç–∞—Ö —Å–≤–æ–∏—Ö —Ç–æ–Ω—É–ª–∞...",4,
2017-11-05 15:31:11,"–°–ø–∞—Å–∏—Ç–µ –º–µ–Ω—è, –ø—Ä–æ—à—É((",25,
2017-11-05 15:31:19,–ü—É–∫–∞–Ω –ª–æ—Ö.,14,
2017-11-05 15:31:25,—Å–∏–∂—É –∏ –Ω–µ–∑–Ω —á–æ –¥–µ–ª–∞—Ç—å –Ω–∞–ø–∏—à–∏—Ç–µ –ø–∂))))) –∞ –Ω—É –¥–∞ —ç—Ç–æ –∞–Ω–æ–Ω–∏–º–Ω–æ,11,
2017-11-05 15:31:56,–¢–∞–∫—Å-—Ç–∞–∫—Å-—Ç–∞–∫—Å. –ß—Ç–æ —Ç—É—Ç —É –Ω–∞—Å?,9,
2017-11-05 15:33:10,–ë–ª–∏–Ω –û–ª–∂–∞—Å,10,
2017-11-05 15:34:03,fresh —Å–ª—ã—à –ø–æ–∫–∞–∑—ã–≤–∞–π –ª–∏—Ü–æ –∏–ª–∏ —è —Å–∫–∞–∂—É –≤—Å–µ–º —á—Ç–æ–± –æ—Ç–ø–∏—Å–∞–ª–∏—Å—å —à—É—Ç–∫–∞,5,
2017-11-05 15:34:32,–î–∏–º–∞ –°–∞—Ñ–∏–Ω - –õ—é–±–∏—Ç –ü–µ–ª—å–º–µ–Ω–∏),8,
2017-11-05 15:35:42,–ù–∞–¥–æ —Å–µ–≥–æ–¥–Ω—è –ò–º—Ö–æ—Ç–µ–ø–∞ –≤—ã–∑–≤–∞—Ç—å,34,
2017-11-05 15:36:13,–∞ —è –Ω–µ—Å—á–∞—Å—Ç–ª–∏–≤ –±–µ–∑ —Ç–µ–±—è,8,
2017-11-05 15:36:31,–ß–æ –∫–æ–≥–æ —Å—É—á–∞—Ä—ã?,40,
2017-11-05 15:38:32,"–≤ –¥–µ–Ω—å, –∫–æ–≥–¥–∞ –∫—Ç–æ-—Ç–æ –ø–ª–∞–Ω–∏—Ä–æ–≤–∞–ª —Ä–µ–≤–æ–ª—é—Ü–∏—é, –≥–¥–µ-—Ç–æ –≤–µ–¥—É—Ç—Å—è —Ä–∞–∑–≥–æ–≤–æ—Ä—ã –æ –ø–µ—Ä–µ–º–µ–Ω–∞—Ö, –í–∫–æ–Ω—Ç–∞–∫—Ç–µ –¥–∞–ª –≤–æ–∑–º–æ–∂–Ω–æ—Å—Ç—å –≤—ã—Å–∫–∞–∑–∞—Ç—å—Å—è –∞–Ω–æ–Ω–∏–º–Ω–æ, –¥–∞–≤–∞—è –ø—Ä–∏–∑—Ä–∞—á–Ω—É—é –Ω–∞–¥–µ–∂–¥—É –Ω–∞ —Ç–æ, —á—Ç–æ —Ç–µ–±—è –Ω–µ —É–∑–Ω–∞—é—Ç.
–ù–∞ —á—Ç–æ –í—ã –ø–æ—Ç—Ä–∞—Ç–∏—Ç–µ —ç—Ç–æ—Ç —à–∞–Ω—Å?",69,
2017-11-05 15:38:40,–õ–ò–ó–ê –°–ù–ò–¢–ö–û –ò –°–û–ù–Ø –û–í–ß–ò–ù–ù–ò–ö–û–í–ê –õ–£–ß–®–ï –í–°–ï–•,18,
2017-11-05 15:38:56,–£ –ù–∞–¥–µ–∂–¥—ã –í–∏–Ω–æ–≥—Ä–∞–¥–æ–π –æ–±–≤–∏—Å–ª–∏ —Å–∏—Å—å–∫–∏.,64,
2017-11-05 15:39:24,"–í–∞–¥–∏–º –ì–æ—Ä–±–∞—á—ë–≤ + –ê–Ω—è –°–∫–∏–¥–∫–∏–Ω–∞ 
                           =‚ù§Ô∏è                              !!!–≥. –†–û–°–õ–ê–í–õ–¨!!!",55,
2017-11-05 15:40:18,–∞–≤–∞—Ç–∞—Ä–∏—è –≥–æ–≤–Ω–æ,10,
2017-11-05 15:40:59,–ü–∏–¥—Ä,19,
2017-11-05 15:41:14,–Ø –≤—Å—é –∂–∏–∑–Ω—å –º–µ—á—Ç–∞–ª–∞ –æ –∫—Ä–µ–ø–∫–æ–π —Å–µ–º—å–µ....,64,
2017-11-05 15:42:56,–ê–ô –ì–ê–¢ –õ–û–Ø–õ–¢–ò –ì–ê–¢ –†–û–Ø–õ–¢–ò –ò–ù–°–ê–ô–î –ú–ê–ô –î–ò –≠–ù –≠–ô,17,
2017-11-05 15:43:09,–•—É–π,12,
2017-11-05 15:43:15,–´–≥—ã–≥—ã–≥—ã–≥—ã)0)0,3,
2017-11-05 15:43:26,–°–∫—É—á–Ω–æüò∂,7,
2017-11-05 15:43:48,"",31,photo
2017-11-05 15:43:58,1,6,
2017-11-05 15:44:32,–•–æ—á—É –í–ª–∞–¥–∞,51,
2017-11-05 15:44:35,"–ò–¥–µ—è üí°:
–ß—Ç–æ –µ—Å–ª–∏ –±—ã –≤—Å–µ –ª—é–¥–∏ –±—ã–ª–∏ —Å—á–∞—Å—Ç–ª–∏–≤—ã –∏ –ø—Ä–∞–≤–¥–∏–≤—ã 
–≠—Ç–æ –±—ã–ª–æ –±—ã –≤–µ—Å–µ–ª–æ 
–ù–æ –Ω–∞ –¥–µ–Ω—å –¥–∞–ª—å—à–µ –±—ã –Ω–µ–±—ã–ª–æ —Ç–∞–∫ –≤–µ—Å–µ–ª–æ",6,
2017-11-05 15:45:14,"–î–∞–º—ã –∏ –≥–æ—Å–ø–æ–¥–∞, –≤–∫–ª—é—á–∞—Ç—å –º–æ–∑–≥ –Ω–∏–∫—Ç–æ –Ω–µ –∑–∞–ø—Ä–µ—â–∞–ª.",25,photo
2017-11-05 15:46:17,–¢–∞–∫ –∏–Ω—Ç—Ä–∏–≥—É—é—â–µ),19,photo
2017-11-05 15:46:35,–∏–∑–∏ –Ω–æ–∂,8,
2017-11-05 15:47:38,üòà,37,
2017-11-05 15:47:45,"–ö–∏—Å—É–Ω—å–∫–∏, –∑–∞–ø—É—Å–∫–∞—Ç—å —Å—Ç—Ä–∏–º –ø–æ –ü–£–ë–ì —Å –ú–∞ZZ–∏–∫–æ–º?",13,
2017-11-05 15:48:01,–ø,13,
2017-11-05 15:48:13,–ú–∏–ª–∞—Ö–∞–∞!!!,7,photo
2017-11-05 15:48:40,–ò –∫–∞–∫ —ç—Ç–æ —Ä–∞–±–æ—Ç–∞–µ—Ç,9,
2017-11-05 15:49:02,–ú–∞—à–∫–∞ -–∫–∞–∫–∞—à–∫–∞,46,
2017-11-05 15:49:11,–ª–µ—Ö–∞ –¥–∏–¥–µ–Ω–∫–æ –ø–∏–¥—Ä–∏–ª–∞ –≤–æ–Ω—é—á–∞—è,29,
2017-11-05 15:50:25,–Ø —Å–∫—É—á–∞—é –∞ —Ç—ã –¥—É—Ä–∞–∫,29,
2017-11-05 15:50:28,–®–µ—Ä—Å—Ç–∏–∫ –∫–∏–¥–æ–∫,43,
2017-11-05 15:51:27,–°–ê–ù–ß–û –ü–ò–î–û–†,82,
2017-11-05 15:52:44,"",38,photo
2017-11-05 15:53:04,666,77,photo
2017-11-05 15:53:23,–†–∞–∑–±—É–¥–∏—Ç–µ –º–µ–Ω—è –≤ 4:20,41,
2017-11-05 15:53:41,–ü–æ—à–ª–∏ —Å–µ –Ω–∞–π—É—Ö,40,
2017-11-05 15:53:52,—è –µ–±–∞–ª —Ç–≤–æ—é —Ç–µ–ª–∫—É üòé,48,
2017-11-05 15:55:15,–¢–µ–ø–ª–∏–π —Ö—É–π,12,
2017-11-05 15:56:05,üòõ,14,
2017-11-05 15:56:29,–ü–∞–º—è—Ç—å —Å–æ–≥—Ä–µ–≤–∞–µ—Ç —á–µ–ª–æ–≤–µ–∫–∞ –∏–∑–Ω—É—Ç—Ä–∏. –ò –≤ —Ç–æ –∂–µ –≤—Ä–µ–º—è —Ä–≤–µ—Ç –µ–≥–æ –Ω–∞ —á–∞—Å—Ç–∏.,6,
2017-11-05 15:57:00,–ö–∞–∫ –¥–µ–ª–∞?,6,
2017-11-05 15:57:53,"–í –ø—Å–∏—Ö—É—à–∫–µ –≤—ã–ø–∏—Å—ã–≤–∞—é—Ç –ø–∞—Ü–∏–µ–Ω—Ç–∞. 
–ö–æ–º–∏—Å—Å–∏—è —Å–ø—Ä–∞—à–∏–≤–∞–µ—Ç: 
‚Äî –ì–¥–µ –≤–æ–¥–∏—Ç—Å—è —Ä—ã–±–∞? 
‚Äî –í –æ–∑–µ—Ä–µ. 
‚Äî –ê –≤ —É–Ω–∏—Ç–∞–∑–µ —Ä—ã–±–∞ –µ—Å—Ç—å? 
‚Äî –ù–µ—Ç. 
‚Äî –•–æ—Ä–æ—à–æ. –ú—ã –í–∞—Å –≤—ã–ø–∏—Å—ã–≤–∞–µ–º! 
–í—ã–ø–∏—Å–∞–ª–∏. –û–Ω —Å–æ–±–∏—Ä–∞–µ—Ç –≤–µ—â–∏, –∫ –Ω–µ–º—É –ø–æ–¥—Ö–æ–¥–∏—Ç –µ–≥–æ –¥—Ä—É–≥ –∏ –≥–æ–≤–æ—Ä–∏—Ç: 
‚Äî –ü–æ—á–µ–º—É —Ç—ã —Å–∫–∞–∑–∞–ª –∫–æ–º–∏—Å—Å–∏–∏, —á—Ç–æ –≤ —É–Ω–∏—Ç–∞–∑–µ –Ω–µ—Ç —Ä—ã–±—ã, –º—ã –∂–µ —Å —Ç–æ–±–æ–π —Ç–∞–º –≤—Å–µ –≤—Ä–µ–º—è –ª–æ–≤–∏–ª–∏? 
‚Äî –ê —á—Ç–æ, —è ‚Äî –¥—É—Ä–∞–∫, —Ä—ã–±–Ω—ã–µ –º–µ—Å—Ç–∞ –≤—ã–¥–∞–≤–∞—Ç—å?!",2,
2017-11-05 15:59:26,"",29,photo
2017-11-05 15:59:50,–õ—é–±–ª—é –ø–æ–∂—Ä–∞—Ç—å,26,
2017-11-05 16:01:20,"–£ –º–æ–∏—Ö –¥—Ä—É–∑–µ–π –Ω–µ—Ç—Ä–∞–¥–∏—Ü–∏–æ–Ω–Ω–∞—è —Å–µ–∫—Å—É–∞–ª—å–Ω–∞—è –æ—Ä–∏–µ–Ω—Ç–∞—Ü–∏—è, –∏ –º–Ω–µ –Ω–æ—Ä–º",10,
2017-11-05 16:01:58,–ü–æ–∏–≥—Ä–∞–µ–º –≤ –∞–Ω–æ–Ω–∏–º–Ω–æ—Å—Ç—å,10,
2017-11-05 16:02:21,"–ö—Ç–æ –Ω–µ –ø–∞–¥–∞–ª, —Ç–æ—Ç –Ω–µ –ø–æ–¥–Ω–∏–º–∞–ª—Å—è !",51,
2017-11-05 16:03:18,"–ø–∞—Ü–∞–Ω—ã, –≤—ã –µ–±–∞–Ω—É—Ç—ã–µ? –∫–∞–∫–æ–µ, –Ω–∞—Ö—É–π, –∞–Ω–∏–º—ç? —á–µ –≤—ã –Ω–µ—Å–µ—Ç–µ, –∫–∞–∫–∞—è –º–∞–¥–æ–∫–∞? —Ö–≤–∞—Ç–∏—Ç –Ω—è–∫–∞—Ç—å, –¥–æ–ª–±–æ–µ–±—ã",78,
2017-11-05 16:04:14,–ù–∞–∫–æ–Ω–µ—Ü —Ç–æ –¥–æ–±–∞–≤–∏–ª–∏ —Ñ—É–Ω–∫—Ü–∏—é —Å—Ç–µ—Å–Ω–∏—Ç–µ–ª—å–Ω–æ–≥–æ —á–µ–ª–æ–≤–µ–∫–∞,21,
2017-11-05 16:04:21,"–Ø –Ω–µ–Ω–∞–≤–∏–∂—É –∫–∞–∂–¥–æ–≥–æ, –Ω–æ –∏ –Ω–µ–º–µ—Ä–µ–Ω–æ –ª—é–±–ª—é –≤–≤–∏–¥—É —Å–≤–æ–µ–≥–æ –±–µ—Å–ø—Ä–µ–∫–æ—Å–ª–æ–≤–Ω–æ–≥–æ –æ–¥–∏–Ω–æ—á–µ—Å—Ç–≤–∞. –Ø —Ö–æ—á—É, —á—Ç–æ–±—ã –ª—é–±–æ–π –ø–æ–¥–æ–±–Ω—ã–π —Ç–µ–±–µ —É–º–µ—Ä —Å–æ –º–Ω–æ–π, –∫–∞–∫ —É–º–µ—Ä —Ç—ã - –≤ –º—É–∫–∞—Ö.
Die with me again, honey.",32,
2017-11-05 16:04:58,–°–∞–ª—é—Ç,21,
2017-11-05 16:05:06,"–Ø —Ç–µ–±—è –ª—é–±–ª—é, –Ω–æ —Ç—ã —ç—Ç–æ–≥–æ –Ω–∏–∫–æ–≥–¥–∞ –Ω–µ —É–∑–Ω–∞–µ—à—å üòî",77,
2017-11-05 16:06:11,–Ø —Ç–µ–±—è –ª—é–±–ª—é!,9,
2017-11-05 16:06:27,"–†–µ–±—è—Ç –õ–∞—Å—Ç–æ—á–∫–∞ —Ç–æ–ø
üîù
–î–∞–≤–∞–π—Ç–µ –µ–º—É –≤ –ª—Å –∫–∏–Ω–µ–º –≤—Å–µ –Ω–∞—à–∏ –ª—é–±–∏–º—ã–µ –∞—É–¥–∏–æ–∑–∞–ø–∏—Å–∏(–º—É–∑—ã–∫–∏)",33,
2017-11-05 16:06:52,"OMISSA SPE QUI INGREDIUNTUR
–ù–∞—à–µ –ø–æ–∫–æ–ª–µ–Ω–∏–µ —Å –Ω–∞—à–∏–º–∏ –æ—Ç–≤—Ä–∞—Ç–∏—Ç–µ–ª—å–Ω—ã–º–∏ —Ü–µ–Ω–Ω–æ—Å—Ç—è–º–∏. –í—Å–µ —ç—Ç–∏ –∞–π–¥–µ–Ω—Ç–∏—Ñ–∏–∫–∞—Ü–∏–π, –≤—Å–µ —ç—Ç–∏ –ø—É—Å—Ç—ã–µ —Å–ª–æ–≤–∞ –∫–æ—Ç–æ—Ä—ã–º–∏ –º—ã –∫–∏–¥–∞–µ–º—Å—è. –Ω–∞—à–∏ —Å–ª–æ–≤–∞ –¥–∞–≤–Ω–æ –ø–æ—Ç–µ—Ä—è–ª–∏ —Å–≤–æ—é —Ü–µ–Ω–Ω–æ—Å—Ç—å. –ê –≤–µ–¥—å —Ä–∞–Ω—å—à–µ —É —Å–ª–æ–≤ –±—ã–ª —Å–º—ã—Å–ª. –°–µ–º—å—è? –í–µ—Ä–Ω–æ—Å—Ç—å? –ü—Ä–µ–¥–∞–Ω–Ω–æ—Å—Ç—å? –õ—é–±–æ–≤—å –≤ –∫–æ–Ω—Ü–µ –∫–æ–Ω—Ü–æ–≤. –ë–æ–ª–µ–µ –∏–∑–Ω–∞—Å–∏–ª–æ–≤–∞–Ω–Ω–æ–≥–æ —Å–ª–æ–≤–æ —á–µ–º –ª—é–±–æ–≤—å —è –Ω–µ —Å–ª—ã—à–∞–ª –Ω–µ–∫–æ–≥–¥–∞. –ö–æ–≥–¥–∞-—Ç–æ —ç—Ç–æ –±—ã–ª–∞ —Ü–µ–Ω–Ω–æ—Å—Ç—å. –¢–µ—Ä–ø–µ—Ç—å –Ω–µ –º–æ–≥—É –≤—Å–µ —ç—Ç–∏ —Å–æ–ø–ª–∏, –Ω–æ –≤–µ–¥—å –∫–æ–≥–¥–∞-—Ç–æ —É —ç—Ç–∏—Ö —Å–ª–æ–≤ –±—ã–ª–æ —á—Ç–æ-—Ç–æ –±–æ–ª—å—à–µ–µ. –ù–∞—Å —Ä–∞—Å—Ç—è—Ç –Ω–∞ –∏–¥–µ–æ–ª–æ–≥–∏–π –∑–∞–±–æ—Ç—ã –æ —Å–µ–±–µ. –ö–∞–∂–¥—ã–π –≥–æ—Ç–æ–≤ –ø—Ä–µ–¥–∞—Ç—å —Å–æ—Å–µ–¥–∞ –∑–∞ –≤—ã–≥–æ–¥—É —Å–µ–±–µ. –ë–æ–ª—å—à–µ–Ω—Å—Ç–≤–æ —Å–µ–≥–æ–¥–Ω—è –Ω–µ–¥–æ–ª—é–±–ª–∏–≤–∞—é—Ç —Ä–µ–ª–∏–≥–∏–π –∑–∞ —Ç–æ —á—Ç–æ –º–Ω–æ–≥–æ –ª–µ—Ç –æ–Ω–∏ –æ–±–º–∞–Ω—ã–≤–∞–ª–∏ –ª—é–¥–µ–π. –ù–æ –∫–∞–∂–¥–∞—è —Ä–µ–ª–∏–≥–∏—è –æ—Å–Ω–æ–≤–∞–Ω–∞ –Ω–∞ —Ü–µ–Ω–Ω–æ—Å—Ç—è—Ö –∫–æ—Ç–æ—Ä—ã–µ –ø—Ä–∏–æ–±—Ä–µ—Ç–∞–ª –≤–µ—Ä—É—é—â–∏–π. –ê —è –≤—Å–µ –±–æ–ª—å—à–µ –≤—Å—Ç—Ä–µ—á–∞—é –ª—é–¥–µ–π –±–µ–∑ —Ü–µ–Ω–Ω–æ—Å—Ç–µ–π, –º–∞—Ç–µ—Ä–∏–∞–ª–∏—Å—Ç–æ–≤, –º–æ—Ä–∞–ª–µ–π, –∏ –≤ –ø—Ä–∏–Ω—Ü–∏–ø–µ –∏–¥–µ–π —Å—É—â–µ—Å—Ç–≤–æ–≤–∞–Ω–∏—è. –ú—ã –¥–µ–ª–∞–µ–º –¥—Ä—É–≥ –¥—Ä—É–≥—É –æ—Ç–≤—Ä–∞—Ç–∏—Ç–µ–ª—å–Ω—ã–µ –≤–µ—â–∏, –≥–æ–≤–æ—Ä–∏–º –Ω–æ –Ω–µ —Å–ª—ã—à–∏–º, —Å—É—â–µ—Å—Ç–≤—É–µ–º –Ω–æ –Ω–µ –∂–∏–≤–µ–º. –ö–æ–≥–¥–∞ —è –±—ã–ª –º–∞–ª–µ–Ω—å–∫–∏–º –º–µ–Ω—è —á–∞—Å—Ç–æ –±–∏–ª–∏, —è –ø—Ä–∏–∑–Ω–∞—é—Å—å –∫–æ–≥–¥–∞ —è –ø–æ–¥—Ä–æ—Å —è —Å—Ç–∞–ª –±–∏—Ç—å —Å–∞–º. –ù–æ —è –±–∏–ª –Ω–µ —á—Ç–æ–± –æ–±–∏–¥–µ—Ç—å –∞ —á—Ç–æ–± –¥–∞—Ç—å –≤–Ω–∏–º–∞–Ω–∏–µ —Ç–µ–º –∫–æ–º—É –æ–Ω–æ –±—ã–ª–æ –Ω—É–∂–Ω–æ. –¢–∞–∫ –≤–∞–∂–µ–Ω –ª–∏ —Ä–µ–∑—É–ª—å—Ç–∞—Ç –µ—Å–ª–∏ –º–æ—Ç–∏–≤ –±—ã–ª –æ—Å–Ω–æ–≤–∞–Ω –Ω–∞ —Ü–µ–Ω–Ω–æ—Å—Ç–∏? –Ø –ø—Ä–æ—Å—Ç–æ —Ö–æ—Ç–µ–ª –¥–∞—Ç—å –∏–º —Ç–æ–≥–æ —á—Ç–æ –Ω–µ –¥–∞–ª–∏ –º–Ω–µ, XQQBKQFLK. –¢–æ –∫–∞–∫ —è —ç—Ç–æ –¥–µ–ª–∞–ª –±—ã–ª–æ —É–∂–∞—Å–Ω–æ, —Å–æ–≥–ª–∞—à—É—Å—å. –ù–æ —Å—É—Ç—å –Ω–µ –≤ —ç—Ç–æ–º. –°—É—Ç—å –≤ —Ç–æ–º —á—Ç–æ —ç—Ç–æ –±—ã–ª–æ –∏—Å–∫—Ä–µ–Ω–∏–π –∏ —É–ø–µ—Ä–∞–ª–æ—Å—å –Ω–∞ —Ü–µ–Ω–Ω–æ—Å—Ç—å. –¢–∞–∫ —á—Ç–æ –ø—É—Å—Ç—å –æ—Å—Ç–∞–≤—è—Ç –Ω–∞–¥–µ–∂–¥—É –≤—Å–µ –∫—Ç–æ –≤–æ–π–¥—É—Ç –≤ –≤–µ—Ä—É —ç—Ç—É –∫–∞–ø–∏—Ç–∞–ª–∏—Å—Ç–∏—á–µ—Å–∫—É—é, –≤–µ–¥—å —Å–æ–±–∞–∫–∞ –∫–æ—Ç–æ—Ä–∞—è –ø–æ–ø—Ä–æ–±–æ–≤–∞–ª–∞ –æ–¥–∏–Ω —Ä–∞–∑ –∫—Ä–æ–≤—å, –≤–µ—á–Ω–æ –±—É–¥–µ—Ç –ø–æ–º–Ω–∏—Ç—å –µ–µ –≤–∫—É—Å.",37,photo
2017-11-05 16:07:13,"",52,photo
2017-11-05 16:07:53,"",20,photo
2017-11-05 16:08:24,üíñüíñüíñ,58,
2017-11-05 16:08:48,—á—É–∫—á–∞,79,
2017-11-05 16:08:59,"–ö–æ—Ä–æ–±–∫–∞üíû
–õ–µ–Ω–∏–Ω–≥—Ä–∞–¥—Å–∫–∞—è —Å—Ç—Ä–∏—Ç
–î–∞—Ä–æ–≤–∞ –ø–æ—Ü–∞–Ω—ãüòé",34,
2017-11-05 16:10:16,–ï–≥–æ—Ä –ª–æ—Ö!,31,photo
2017-11-05 16:10:47,–ö–ò–†–ò–õ–õ –ù–ï–û–ß–ï–ù–¨,17,
2017-11-05 16:11:18,–ö–æ—Ç–∏–∫–∏-–µ–Ω–æ—Ç–∏–∫–∏,28,
2017-11-05 16:11:49,"–ë–∏–ø-–±–∏–ø, [id246298110|–õ–µ–Ω—á–∏–∫]",105,
2017-11-05 16:12:11,nO love üíî,4,
2017-11-05 16:13:02,"–ó–¥—Ä–∞—Å—Ç–µ, –∫–∞–∫ –∂–∏–∑–Ω—å? –£ –≤–∞—Å",12,
2017-11-05 16:13:19,"",11,photo
2017-11-05 16:15:13,–ü–ò–ó–î–ï–¶,38,
2017-11-05 16:15:24,[id260674519|–î–∞–Ω–∏–∏–ª –®—É—Ä–≥–∞–Ω–æ–≤] –ø–∏—Ç—É—Ö,7,
2017-11-05 16:15:42,I love breadüçû,23,
2017-11-05 16:16:07,"",3,photo
2017-11-05 16:16:37,p≈ôƒ´vƒô≈•üí¶üê¨,4,
2017-11-05 16:17:26,"",14,photo
2017-11-05 16:18:29,"–º–∞—Ä–≥–æ —Ç—ã —á–µ –µ–±–∞–Ω—É–ª–∞—Å—å, —è –∑–Ω–∞—é, —á—Ç–æ —ç—Ç–æ —Ç—ã –ø–∏—à–µ—à—å –≤—Å–µ, –∏–¥–∏ –≤ –∂–æ–ø—É",40,
2017-11-05 16:19:37,"–ö—Ç–æ —É–≥–∞–¥–∞–µ—Ç,–∫—Ç–æ —è,–ø–æ–ª—É—á–∏—Ç 15 —Ä—É–±–ª–µ–π –Ω–∞ –ö–ò–í–ò.",15,
2017-11-05 16:21:23,"–í—ã –∫–æ–≥–¥–∞-–Ω–∏–±—É–¥—å —Å–∫—É—á–∞–ª–∏ –ø–æ —Å–µ–±–µ? –ù–µ—Ç?) –ê —è –≤–æ—Ç —Å–∫—É—á–∞—é. –ü–æ —á–µ–ª–æ–≤–µ–∫—É, –∫–æ—Ç–æ—Ä—ã–º –±—ã–ª –¥–æ —Ç–æ–≥–æ, –∫–∞–∫ –º–Ω–µ –≤–ø–µ—Ä–≤—ã–µ —Ä–∞–∑–±–∏–ª–∏ —Å–µ—Ä–¥—Ü–µ –∏–ª–∏ –ø–µ—Ä–µ–¥ —Ç–µ–º, –∫–∞–∫ –º–µ–Ω—è –≤–ø–µ—Ä–≤—ã–µ –ø—Ä–µ–¥–∞–ª —á–µ–ª–æ–≤–µ–∫ –∫–æ—Ç–æ—Ä–æ–º—É —è –¥–æ–≤–µ—Ä—è–ª.",15,
2017-11-05 16:21:38,"–ß–µ –ø–∞—Ü–∞–Ω—ã,–∞—É–µ?",18,
2017-11-05 16:22:18,"–Ω–∏ –æ–¥–Ω–æ–≥–æ –∞–Ω–æ–Ω–∏–º–Ω–æ–≥–æ —Å–æ–æ–±—â–µ–Ω–∏—è —É –º–µ–Ω—è –≤ –ª–µ–Ω—Ç–µ, –∞ —É –≤–∞—Å –∫–∞–∫ –¥–µ–ª–∞?",31,
2017-11-05 16:23:14,–ø–∞—Ä–Ω–∏ —Ç–∞–∫–∏–µ –∏–¥–∏–æ—Ç—ã,27,
2017-11-05 16:25:35,–ö—Ç–æ —Ö–æ—á–µ—Ç –≤—ã—Å–∫–æ—á–∏—Ç–µ üòπ,33,photo
2017-11-05 16:26:09,"",1,photo
2017-11-05 16:27:05,"–ü–æ—à–ª–æ –æ–Ω–æ –≤—Å—ë, –≤ –∂–æ–ø—É.",29,
2017-11-05 16:27:13,–î—Ä–æ–∑–∏–Ω –ª—é–±–∏—Ç –°–∞–±—Ä–∏–Ω—É...,23,
2017-11-05 16:27:35,"[id217618945|—Ç–∞–∫–∞—è –∑–∞–π–∫–∞ –ø—Ä—è–º –Ω–µ –º–æ–≥—É  :–∑ 
–û–±–æ–∂–∞—é —Ç–µ–±—è üíñüê∞üíï]",16,
2017-11-05 16:29:03,—ã,7,
2017-11-05 16:29:33,–≤—Å–µ—Ö –ª—é–±–ª—é (–Ω–µ—Ç),25,
2017-11-05 16:29:36,—Ç—ã –ø–∏–¥–æ—Ä,11,
2017-11-05 16:29:38,"–©–∞—Å –±—ã –Ω–∞–±—É—Ö–∞—Ç—å—Å—è –∏ —Å–ª—É—à–∞—Ç—å —Ä—ç–ø –ø—Ä–æ –ù–∞—Ä—É—Ç–æ, –∞ –Ω–µ –≤–æ—Ç —ç—Ç–æ –≤—Å–µ",20,
2017-11-05 16:30:09,–î—Ä–∞—Ç—É—Ç–∏ –Ø –ê–Ω–∏—Ç–∞ –õ–∏—Å –∏ —è –ê–≤–∞–±–ª–æ–≥–≥–µ—Ä –∞—Ö–∞—Ö–∞—Ö–∞—ç,38,
2017-11-05 16:30:59,"–¢–æ—Ä: –†–∞–≥–Ω–∞—Ä—ë–∫ - —à–µ–¥–µ–≤—Ä. –†–µ–±—è—Ç–∞, –∏–¥–∏—Ç–µ, –Ω–µ –ø–æ–∂–∞–ª–µ–µ—Ç–µüëèüèª",21,
2017-11-05 16:31:19,"–≠—Ç–æ –ø–æ—Å—Ç –¥–æ–±—Ä–æ—Ç—ã. –ó–Ω–∞—é —á—Ç–æ –≤–∫–æ–Ω—Ç–∞–∫—Ç–µ —Ä–∞—Å—Å—á–∏—Ç—ã–≤–∞–ª —á—Ç–æ –≤—Å–µ —Å–µ–π—á–∞—Å –±—Ä–æ—Å—è—Ç—Å—è –ø–∏—Å–∞—Ç—å –≥–∞–¥–æ—Å—Ç–∏ –∏ –ø—Ä–æ—è–≤—è—Ç —Å–≤–æ—é —Ö—É–¥—à—É—é —Å—Ç–æ—Ä–æ–Ω—É, –∞ –º–æ–∂–µ—Ç –¥–æ–≥–æ–≤–æ—Ä–∏–ª–∏—Å—å —Å –§–°–ë, —á—Ç–æ–±—ã –≤—ã—á–∏—Å–ª—è—Ç—å –ø–æ—Ç–µ–Ω—Ü–∏–∞–ª—å–Ω—ã—Ö —ç–∫—Å—Ç—Ä–µ–º–∏—Å—Ç–æ–≤. –Ø –∂–µ –Ω–∞–ø–∏—à—É –æ —Ç–æ–º —á—Ç–æ –≤–µ—Ä—é –≤ —Å–≤–µ—Ç–ª–æ–µ –±—É–¥—É—â–µ–µ. –í—Å–µ–º –∫–æ—Ç–∏–∫–æ–≤ –∏ –º—è–≥–∫–æ—Å—Ç–∏! üëçüò≠üòç‚úåÔ∏è",93,
2017-11-05 16:33:44,–¢–∞–Ω—Ü–µ–≤–∞–ª –∫–æ–≥–¥–∞ –≤—ã–ø–æ–ª–Ω–∏–ª 15 –ª–±–∑ –Ω–∞ —Ç28,10,
2017-11-05 16:35:17,"[id266542750|–ú–∞–¥–∏–Ω–∞ –ó–∞—Ä–∏—Ñ–æ–≤–∞] ,—è —Å–¥–µ–ª–∞–∞–∞–ª",23,
2017-11-05 16:35:19,–ì–æ –º—É—Ç–∏—Ç—å,7,
2017-11-05 16:37:42,–ö–ª–∞—É—Å,11,photo
2017-11-05 16:40:58,"–ú–æ–∂–Ω–æ –º–Ω–µ –ø–æ–∂–∞–ª—É–π—Å—Ç–∞ –µ—Å–ª–∏ –ª—é–±–æ–≤—å, —Ç–æ –æ–¥–Ω—É –∏ –∫–∞–∫ –≤ —Ñ–∏–ª—å–º–∞—Ö",49,
2017-11-05 16:41:35,"[id329103788|–ù–∏–∫–∏—Ç–∞ –†–∞—Å—É–ª–æ–≤] –µ—â—ë —Ä–∞–∑ –º–Ω–µ –ø—Ä–∏—Å–Ω–∏—Ç—Å—è,—á—Ç–æ –º—ã —Å–æ—Å–µ–º—Å—è –∏ —è —Ç–µ–±—è —É–±—å—é,–ª—é–±—è –∫–æ–Ω–µ—á–Ω–æ –∂–µ‚ù§Ô∏è",46,
2017-11-05 16:43:10,"[id455177224|Alisa Dokaeva] 
—Ç—ã –∫—Ä–∞—Å–∏–≤–∞—è üíï–º—Ä—Ä",24,
2017-11-05 16:43:10,"–£—É—É—É, –∞ –≤–æ—Ç –æ—Ç–≥–∞–¥–∞–π—Ç–µ –∫—Ç–æ —è?)))",17,
2017-11-05 16:44:19,[id28726303|–ú–∞–ª—ã—à] –∞—Ö—É–µ–Ω–µ–Ω –∏ –ø–æ—ç—Ç–æ–º—É –ø—Ä–æ –Ω–µ–≥–æ –Ω–∏—á–µ–≥–æ –Ω–µ –ø–∏—à—É—Çüòé,86,
2017-11-05 16:44:58,FACE —á–º–æ,52,
2017-11-05 16:45:55,...,14,
2017-11-05 16:46:36,"–û—Ç–ø—É—â—É –∏–∑ —Ä—É–∫ —Å–∏–Ω–∏—Ü—É, 
–û —Ä–∞–∑–ª—É–∫–µ –Ω–µ —Å–∫–æ—Ä–±—è. 
–ú–Ω–µ –±—ã —Ç–æ–ª—å–∫–æ –Ω–∞—É—á–∏—Ç—å—Å—è 
–ù–µ –ª—é–±–∏—Ç—å —Ç–µ–±—è. 
 (–û –ú—ã—à–∫–∏–Ω–µ) üò≠",21,
2017-11-05 16:46:49,"–±–æ—á–∫–∞ –±–∞—Å—Å –∫–æ–ª–±–∞—Å–∏—Ç —Å–æ–ª–æ, –∫–æ–ª–±–∞—Å–µ—Ä –ø–æ –ø–æ—è—Å –≥–æ–ª—ã–π",30,
2017-11-05 16:48:01,–£–≥–∞–¥–∞–π –∫—Ç–æ —è? üòè,33,
2017-11-05 16:48:13,–Ø –ª—é–±–ª—é –î–∏–º—É –®–∞—Ä–∏–∫–∞,38,
2017-11-05 16:48:31,–Ø –ª—é–±–ª—é –ê–ª–µ–∫—Å–∞–Ω–¥—Ä–∞,16,
2017-11-05 16:50:01,–¢—ã —Ç–æ–øüíï,29,
2017-11-05 16:53:31,"",82,photo
2017-11-05 16:53:41,—Ö–æ—á—É —Ç—Ä–∞—Ö–Ω—É—Ç—å —Ñ—Ä–æ–ª–æ–≤–∞,39,
2017-11-05 16:55:12,–≠—â–∫–µ—Ä–µ,5,
2017-11-05 16:55:50,"–û, —ç—Ç–æ –ø—Ä—è–º–æ –∫–∞–∫ –Ω–∞ –¥–≤–∞—á–µ",8,
2017-11-05 16:55:55,"–Ø–Ω–∞ –ë–∞—Ç–∞–ª–æ–≤–∞ —è –∂–¥—É —Ç–µ–±—è , –æ—Å—Ç–∞–ª–æ—Å—å –Ω–µ–º–Ω–æ–≥–æ.
–Ø–Ω–∞ –ë–∞—Ç–∞–ª–æ–≤–∞ —Å–∞–º–∞—è —Å–∞–º–∞—è",7,
2017-11-05 16:56:37,–î—Ä–æ–±–æ—Ç—é—á–∫–∞ –º–∞–ª–µ–Ω—å–∫–∏–π –≥–ª–∏—Å—Ç)),78,
2017-11-05 16:58:52,"–ü—Ä–∏–∫–æ–ª—å–Ω–∞—è –ª—É–Ω–∞.
–ö–æ–º—É –Ω—Ä–∞–≤–∏—Ç—Å—è —Å—Ç–∞–≤—å—Ç–µ üíõ",2,photo
2017-11-05 17:01:02,"–°–∫–æ—Ä–æ —è –ø–æ–π–¥—É –≥—É–ª—è—Ç—å —Å —Ç–µ–º, —Å –∫–µ–º –¥–∞–≤–Ω–æ —Ö–æ—Ç–µ–ª. –ú–æ–∂–µ—Ç–µ –ø–æ–∑–¥—Ä–∞–≤–∏—Ç—å)000)",42,
2017-11-05 17:01:27,"–ø—Ä–∏–≤–µ—Ç, do u want some burgers?",33,
2017-11-05 17:01:39,–ê–Ω–æ–Ω–∏–º–Ω–æ—Å—Ç–∏ –Ω–µ —Å—É—â–µ—Å—Ç–≤—É–µ—Ç. –ó–∞ –≤—Å–µ–º–∏ —Å–ª–µ–¥—è—Ç.,14,
2017-11-05 17:02:31,–ù–µ—Ç —Å–∏—Ä–≥–∞ –≥–æ–≤–Ω–æ–µ–¥,30,
2017-11-05 17:04:55,"–¢–∞–∫–∞—è –≤–æ–∑–º–æ–∂–Ω–æ—Å—Ç—å –ø–æ—è–≤–∏–ª–∞—Å—å, –∞ –Ω–∞–ø–∏—Å–∞—Ç—å –Ω–µ—Ö—É–πüôÑ",35,
2017-11-05 17:05:13,–°–∞—à–∞ —á–º–æ,8,
2017-11-05 17:05:56,"–ê–∑–∞–∑–∞–∑–∞–∑–∞–∑, –º–µ–Ω—è –Ω–∏–∫—Ç–æ –Ω–µ —É–∑–Ω–∞–µ—Ç",25,photo
2017-11-05 17:06:19,"–Ø –Ω–µ –∏–∑–º–µ–Ω–∏–ª–∞—Å—å. 

–ü—Ä–æ—Å—Ç–æ –≤—ã –Ω–∏–∫–æ–≥–¥–∞ –Ω–µ –∑–Ω–∞–ª–∏ –º–µ–Ω—è.",38,
2017-11-05 17:06:40,–Ø –ª—é–±–ª—é –ù–∞—Å—Ç—é—à–∫—É –¢–∏–º–æ—à–µ–≤—Å–∫—É—é,75,
2017-11-05 17:09:49,–ª–æ–ª,5,
2017-11-05 17:10:44,–Ø –∑–∞–µ–±–∞–ª—Å—è. –ú–Ω–µ –æ–¥–∏–Ω–æ–∫–æ –∏ —Å–∫—É—á–Ω–æ. –í –∫–≤–∞—Ä—Ç–∏—Ä–µ –Ω–µ—Ç –Ω–∏–∫–æ–≥–æ –∏ —Ö–æ–ª–æ–¥–Ω–æ. –ï–¥–∏–Ω—Å—Ç–≤–µ–Ω–Ω–æ–µ –∑–∞–Ω—è—Ç–∏–µ —ç—Ç–æ —Ä–∞–±–æ—Ç–∞. –ö—É–¥–∞ —è –≤—Å–µ –ø—Ä–æ—Å—Ä–∞–ª...,31,
2017-11-05 17:10:55,–Ω–∞–≤–∞–ª—å–Ω—ã–π 20!8,58,
2017-11-05 17:11:07,"–ú–Ω–µ –∂–∞–ª—å, —á—Ç–æ —Ç–µ–±—è –Ω–µ –∑–∞—Å—Ç–∞–ª –ª–µ—Ç–Ω–∏–π –ª–∏–≤–µ–Ω—å 
–í –∏—é–ª—å—Å–∫—É—é –Ω–æ—á—å, –Ω–∞ –±–∞–ª—Ç–∏–π—Å–∫–æ–º –∑–∞–ª–∏–≤–µ 
–ù–µ –≤–∏–¥–µ–ª–∞ —Ç—ã –≤–æ–ª—à–µ–±—Å—Ç–≤–∞ —ç—Ç–∏—Ö –ª–∏–Ω–∏–π - 
 
–í–æ–ª–Ω–∞, –¥–æ –∫–æ—Ç–æ—Ä–æ–π –ø—Ä–∏—è—Ç–Ω–æ –∫–æ—Å–Ω—É—Ç—å—Å—è —Ä—É–∫–∞–º–∏, 
–ü–µ—Å–æ–∫, –Ω–∞ –∫–æ—Ç–æ—Ä–æ–º —Ä–∞—Å—Å—ã–ø–∞–Ω—ã –∫–∞–º–Ω–∏ 
–ü–µ–π–∑–∞–∂, –Ω–µ –º–µ–Ω—è—é—â–∏–π—Å—è –∑–¥–µ—Å—å –≤–µ–∫–∞–º–∏. 
 
–ú–Ω–µ –∂–∞–ª—å, —á—Ç–æ –º—ã —Å–Ω–æ–≤–∞ –Ω–µ —Å—è–¥–µ–º –Ω–∞ –ø–æ–µ–∑–¥, 
–ö–æ—Ç–æ—Ä—ã–π –ø—Ä–æ–π–¥–µ—Ç —á–∞—Å–æ–≤–æ–π —ç—Ç–æ—Ç –ø–æ—è—Å 
–ü–æ —Å—Ç—Ä–µ–ª–∫–µ –∫–æ—Ç–æ—Ä—É—é —Ç—è–Ω–µ—Ç –Ω–∞ –ø–æ–ª—é—Å. 
 
–ß—Ç–æ –Ω–µ –æ—Ç—Ä–∞–∑–∏—Ç –≤ —Ç–æ–º –∫—É–ø–µ –≤–µ—á–µ—Ä–∏–Ω–∫—É, 
–û–∫–Ω–æ, –≥–¥–µ –≤—Å–µ –≤—Ä–µ–º—è –º–µ–Ω—è—é—Ç –∫–∞—Ä—Ç–∏–Ω–∫—É, 
–ò –º—ã –Ω–µ –ø—Ä–æ—Å–Ω–µ–º—Å—è –Ω–∞ —É—Ç—Ä–æ –≤ –æ–±–Ω–∏–º–∫—É. 
 
–ü–æ–∑–¥–Ω–æ –Ω–æ—á—å—é 
–ß–µ—Ä–µ–∑ –≤—Å–µ –∑–∞–ø—è—Ç—ã–µ –¥–æ—à–µ–ª, –Ω–∞–∫–æ–Ω–µ—Ü, –¥–æ —Ç–æ—á–∫–∏ 
–ê–¥—Ä–µ—Å, –ø–æ—á—Ç–∞ - 
–ù–µ –≤–æ–ª–Ω—É–π—Å—è, —è –Ω–µ –ø–æ—Å–≤—è—â—É —Ç–µ–±–µ –±–æ–ª—å—à–µ –Ω–∏ —Å—Ç—Ä–æ—á–∫–∏ 
 
–¢–∏—Ö–æ, –∑–≤—É–∫–∏ 
–ü–æ –Ω–æ—á–∞–º –¥–æ –º–µ–Ω—è –¥–æ–ª–µ—Ç–∞—é—Ç —Ä–µ–¥–∫–æ 
–ü–ª—è—à—É—Ç –±—É–∫–≤—ã 
–Ø –ø–∏—à—É –∏ –Ω–µ –∂–¥—É –Ω–∏–∫–æ–≥–¥–∞ –æ—Ç–≤–µ—Ç–∞ 
 
–ú—ã—Å–ª–∏, —Ä–∏—Ñ–º—ã 
–°–≤–µ—Ç –æ—Å—Ç–∞–ª—Å—è, –æ—Å—Ç–∞–ª—Å—è –∑–≤—É–∫, –æ—Å—Ç–∞–ª—å–Ω–æ–µ —Å—Ç–µ—Ä–ª–æ—Å—å 
–ì–∞—Å–Ω—É—Ç —Ü–∏—Ñ—Ä—ã 
–Ø –∑–≤–æ–Ω–∏–ª, —á—Ç–æ–±—ã –ø—Ä–æ—Å—Ç–æ —É—Å–ª—ã—à–∞—Ç—å –≥–æ–ª–æ—Å 
 
–í—Å–∞–¥–Ω–∏–∫ –∑–∞–º–µ—Ä 
–ó–∞–º–µ—Ä –≤—Å–∞–¥–Ω–∏–∫, —Ä–µ–∫–µ —Å—Ç–∞–ª–æ —Ç–µ—Å–Ω–æ –≤ —Ä—É—Å–ª–µ 
–ö—Ä–æ–º–∫–∏, –≥—Ä–∞–Ω–∏ 
–Ø –ª—é–±–ª—é, –Ω–µ –Ω—É–∂–¥–∞—è—Å—å –≤ –æ—Ç–≤–µ—Ç–Ω–æ–º —á—É–≤—Å—Ç–≤–µ...

(–ü–∏—Å—å–º–æ. –ò–æ—Å–∏—Ñ –ë—Ä–æ–¥—Å–∫–∏–π) 
–ø–æ—Å–≤—è—â–∞—é —Ç–µ–±–µ, –º–æ—è –±–µ–∑–æ—Ç–≤–µ—Ç–Ω–∞—è –ª—é–±–æ–≤—å.",57,
2017-11-05 17:11:07,"",4,photo
2017-11-05 17:13:02,"–Ω—É —à–æ –ø–∞—Ü–∞–Ω—ã, –∞–Ω–∏–º–µ?",25,
2017-11-05 17:13:18,"–º–æ–π –º—É–∂–∏–∫üí™
–º–æ—è –ª—é–±–æ–≤—åüëä
#–ª—é–±–ª—é–Ω–µ–º–æ–≥—É‚ù§
P.S –•–∞–Ω—É",26,
2017-11-05 17:13:36,https://vk.com/club154166922,14,photo
2017-11-05 17:14:54,–ò –∫–æ—à–µ–∫,30,
2017-11-05 17:14:56,...,25,
2017-11-05 17:15:33,[id399390742|Kamisama Hajimemashita],4,
2017-11-05 17:18:55,–ñ–æ–ø–∞ —Å–∞–º–∞—è –ª—É—á—à–∞—è —É –º–µ–Ω—è,22,
2017-11-05 17:20:27,–•—É–π —Å–æ—Å–∏ –≥—É–±–æ–π —Ç—Ä—è—Å–∏ –∏ –¥–æ –∑–∞–≤—Ç—Ä–∞ –Ω–µ –ø—Ä–æ—Å–∏,13,
2017-11-05 17:21:28,–£–±–µ–π—Ç–µ –º–µ–Ω—è.,11,
2017-11-05 17:23:19,"–í—Å–µ –∫—Ç–æ –≤–µ—Ä—è—Ç —á—Ç–æ —É –ê–Ω—Ç–∏–ø–æ–≤–æ–π(—Ç—É–∂–∏–ª–æ–≤–æ–π)—Ñ–∞–º–∏–ª–∏—è ""–°–º–∏—Ä–Ω–æ–≤–∞"" –≤—ã –¥–∞—É–Ω—ã –º–¥–∞.",42,
2017-11-05 17:23:47,–í–ê–ù–Ø –ì–û–í–ù–û,33,
2017-11-05 17:24:43,"–Æ—Ä—Å–µ–∏—á - –∏—Å–∫–∞–ª–µ—á–µ–Ω–Ω—ã–π —Ö—É–µ—Å–æ—Å. 
–ë–ª—è–¥—Å–∫–∏–π –∑–∞—è—Ü –º–µ—Ä–∑–∫–∏–π –ø–æ–±–µ–≥–∞–µ—Ü.",101,
2017-11-05 17:25:37,–Ø –µ–±–∞–ª —Ç–≤–æ—é —Ç–µ–ª–∫—É,10,
2017-11-05 17:25:38,[id455461206|–ü—ë—Ç—Ä –ü–µ—Ç—Ä–æ–≤–∏—á],53,photo
2017-11-05 17:28:41,"–ù—É —á—Ç–æ, –¥—Ä—É–∑—å—è! –í—Å–µ –ª–∏ –≤—ã –¥—Ä—É–∑—å—è?",32,
2017-11-05 17:29:49,–Ø –≤–ª—é–±–ª–µ–Ω–∞ –≤ —Ç–µ–±—è üíïüíïüíï,17,
2017-11-05 17:30:03,"–¢–∏–º—É—Ä –°–∞–±–∏—Ä–æ–≤, –µ—Å–ª–∏ —Ç—ã –≤–∏–¥–∏—à—å —ç—Ç–æ, —Ç–æ —Ç–≤–æ–∏ –¥–∞–ª—å–Ω–µ–π—à–∏–µ –¥–µ–π—Å—Ç–≤–∏—è —Ç—É—Ç:
1. –ü–æ—à–µ–ª –Ω–∞—Ö—É–π
2. –ü–æ—à–µ–ª –Ω–∞—Ö—É–π
3. –ü–æ—à–µ–ª –Ω–∞—Ö—É–π",40,
2017-11-05 17:30:35,üòäüòäüòä,54,photo
2017-11-05 17:31:12,"",10,photo
2017-11-05 17:31:22,"–ö–¢–û –¢–ê–ú –ö–û–¢–ê–ú–ò –í –ê–ù–û–ù–ò–ú–ö–ê–• –ù–ï–î–û–í–û–õ–ï–ù, –ê??!",16,
2017-11-05 17:32:07,–≤–ª–∞–¥–∞ —Ç—É–ø–∏—Ü–∞ –∏ —Å–∏–¥–æ—Ä–æ–≤–∞ —Ç–æ–∂–µ,34,
2017-11-05 17:34:02,üëÖ,7,
2017-11-05 17:34:31,"–∑–∏–≥ —Ö–∞–π–ª–µ–Ω–¥ –ø–∏–¥–∞—Ä–∞—Å—ã 
—è —ç–º–æ, –Ω–æ –ø—Ä–∏ —ç—Ç–æ–º –Ω–∞—à–∏
—è —Ç–≤–æ—é –ø–∏–∑–¥—É –∏ —Å–∏—Å—å–∫–∏ –º–∞—Ü–∞—é",23,
2017-11-05 17:35:04,"",7,photo
2017-11-05 17:35:23,–ß–∞–π –ª–∞—Ç—Ç–µ —Ç–∞–∫–æ–π –≤–∫—É—Å–Ω—ã–π,69,
2017-11-05 17:36:17,—Å–∞–ø –¥–≤–æ—â,9,
2017-11-05 17:37:22,"""–ò–±–æ –Ω–µ—Ç –Ω–∏—á–µ–≥–æ —Ç–∞–π–Ω–æ–≥–æ, —á—Ç–æ –Ω–µ —Å–¥–µ–ª–∞–ª–æ—Å—å –±—ã —è–≤–Ω—ã–º, –Ω–∏ —Å–æ–∫—Ä–æ–≤–µ–Ω–Ω–æ–≥–æ, —á—Ç–æ –Ω–µ —Å–¥–µ–ª–∞–ª–æ—Å—å –±—ã –∏–∑–≤–µ—Å—Ç–Ω—ã–º –∏ –Ω–µ –æ–±–Ω–∞—Ä—É–∂–∏–ª–æ—Å—å –±—ã"". –ï–≤–∞–Ω–≥–µ–ª–∏–µ –æ—Ç –õ—É–∫–∏",23,
2017-11-05 17:38:42,"–≠–π, –æ—Ç–±—Ä–æ—Å—ã, –∫–∞–∫ –¥–µ–ª–∞?",24,
2017-11-05 17:38:45,–†—Ä—Ä,16,
2017-11-05 17:39:40,"–´–´–´–´–´–´–´–´–´–´–´–´–´–´–´–´–´–´–´
–í–°–ï –£–†–û–î–´",13,
2017-11-05 17:40:38,"–£ –í–û–í–ê–ù–ê –ë–û–õ–¨–®–û–ô –ß–õ–ï–ù,  –ê –¢–´ –ü–ò–î–û–†",91,
2017-11-05 17:40:45,"–Ø –Ω–µ –∑–Ω–∞—é —á—Ç–æ –ø–∏—Å–∞—Ç—å .
–¢—ã –ª–æ—Ö.",7,
2017-11-05 17:40:48,–ê–Ω—Ç–æ–Ω –∞—Ç–Ω–æ—Ç–æ–≤,43,
2017-11-05 17:41:33,"",15,photo
2017-11-05 17:44:11,"–ê–ª–µ–∫—Å–µ–π –ü–µ—Ç—Ä–æ–≤ –ª–∞—Ç–µ–Ω—Ç–Ω—ã–π –≥–æ–º–æ—Å–µ–∫—Å—É–∞–ª–∏—Å—Ç, –Ω–æ –Ω–µ –ø—Ä–∏–∑–Ω–∞–µ—Ç—Å—è –≤ —ç—Ç–æ–º",105,
2017-11-05 17:44:16,–ú–∞—Ä—å—è–Ω–∞ –ø–æ–∫–∞,16,
2017-11-05 17:45:01,–ê–Ω—É–∞—Ä üî•,25,
2017-11-05 17:46:14,–ú–º,74,
2017-11-05 17:46:54,1,17,
2017-11-05 17:47:04,–Ø –¥–æ–±–µ—Ä—É—Å—å –¥–æ –≤—Å–µ—Ö –≤–∞—Å...–Ω–∏–∫—Ç–æ –Ω–µ —Å–ø–∞—Å–µ—Ç—Å—è,13,
2017-11-05 17:47:15,"–ö–æ–≥–¥–∞ —Ç–µ—Ä—è–µ—Ç —Ä–∞–≤–Ω–æ–≤–µ—Å–∏–µ 
—Ç–≤–æ—ë —Å–æ–∑–Ω–∞–Ω–∏–µ —É—Å—Ç–∞–ª–æ–µ, 
–∫–æ–≥–¥–∞ —Å—Ç—É–ø–µ–Ω—å–∫–∏ —ç—Ç–æ–π –ª–µ—Å—Ç–Ω–∏—Ü—ã 
—É—Ö–æ–¥—è—Ç –∏–∑ –ø–æ–¥ –Ω–æ–≥, 
–∫–∞–∫ –ø–∞–ª—É–±–∞, 
–∫–æ–≥–¥–∞ –ø–ª—é—ë—Ç –Ω–∞ —á–µ–ª–æ–≤–µ—á–µ—Å—Ç–≤–æ 
—Ç–≤–æ—ë –Ω–æ—á–Ω–æ–µ –æ–¥–∏–Ω–æ—á–µ—Å—Ç–≤–æ, - 
 
—Ç—ã –º–æ–∂–µ—à—å 
—Ä–∞–∑–º—ã—à–ª—è—Ç—å –æ –≤–µ—á–Ω–æ—Å—Ç–∏ 
–∏ —Å–æ–º–Ω–µ–≤–∞—Ç—å—Å—è –≤ –Ω–µ–ø–æ—Ä–æ—á–Ω–æ—Å—Ç–∏ 
–∏–¥–µ–π, –≥–∏–ø–æ—Ç–µ–∑, –≤–æ—Å–ø—Ä–∏—è—Ç–∏—è 
–ø—Ä–æ–∏–∑–≤–µ–¥–µ–Ω–∏—è –∏—Å–∫—É—Å—Å—Ç–≤–∞, 
–∏ - –∫—Å—Ç–∞—Ç–∏ - —Å–∞–º–æ–≥–æ –∑–∞—á–∞—Ç–∏—è 
–ú–∞–¥–æ–Ω–Ω–æ–π —Å—ã–Ω–∞ –ò–∏—Å—É—Å–∞. 
 
–ù–æ –ª—É—á—à–µ –ø–æ–∫–ª–æ–Ω—è—Ç—å—Å—è –¥–∞–Ω–Ω–æ—Å—Ç–∏ 
—Å –≥–ª—É–±–æ–∫–∏–º–∏ –µ—ë –º–æ–≥–∏–ª–∞–º–∏, 
–∫–æ—Ç–æ—Ä—ã–µ –ø–æ—Ç–æ–º, 
–∑–∞ –¥–∞–≤–Ω–æ—Å—Ç—å—é, 
–ø–æ–∫–∞–∂—É—Ç—Å—è —Ç–∞–∫–∏–º–∏ –º–∏–ª—ã–º–∏. 
–î–∞. 
 –õ—É—á—à–µ –ø–æ–∫–ª–æ–Ω—è—Ç—å—Å—è –¥–∞–Ω–Ω–æ—Å—Ç–∏ 
—Å –∫–æ—Ä–æ—Ç–∫–∏–º–∏ –µ—ë –¥–æ—Ä–æ–≥–∞–º–∏, 
–∫–æ—Ç–æ—Ä—ã–µ –ø–æ—Ç–æ–º 
–¥–æ —Å—Ç—Ä–∞–Ω–Ω–æ—Å—Ç–∏ 
–ø–æ–∫–∞–∂—É—Ç—Å—è —Ç–µ–±–µ 
—à–∏—Ä–æ–∫–∏–º–∏, 
–ø–æ–∫–∞–∂—É—Ç—Å—è –±–æ–ª—å—à–∏–º–∏, 
–ø—ã–ª—å–Ω—ã–º–∏, 
—É—Å–µ—è–Ω–Ω—ã–º–∏ –∫–æ–º–ø—Ä–æ–º–∏—Å—Å–∞–º–∏, 
–ø–æ–∫–∞–∂—É—Ç—Å—è –±–æ–ª—å—à–∏–º–∏ –∫—Ä—ã–ª—å—è–º–∏, 
–ø–æ–∫–∞–∂—É—Ç—Å—è –±–æ–ª—å—à–∏–º–∏ –ø—Ç–∏—Ü–∞–º–∏. 
 
–î–∞. –õ—É—á—à–µ –ø–æ–∫–ª–æ–Ω—è—Ç—Å—è –¥–∞–Ω–Ω–æ—Å—Ç–∏ 
—Å —É–±–æ–≥–∏–º–∏ –µ—ë –º–µ—Ä–∏–ª–∞–º–∏, 
–∫–æ—Ç–æ—Ä—ã–µ –ø–æ—Ç–æ–º –¥–æ –∫—Ä–∞–π–Ω–æ—Å—Ç–∏, 
–ø–æ—Å–ª—É–∂–∞—Ç –¥–ª—è —Ç–µ–±—è –ø–µ—Ä–∏–ª–∞–º–∏ 
(—Ö–æ—Ç—è –∏ –Ω–µ –æ—Å–æ–±–æ —á–∏—Å—Ç—ã–º–∏), 
—É–¥–µ—Ä–∂–∏–≤–∞—é—â–∏–º–∏ –≤ —Ä–∞–≤–Ω–æ–≤–µ—Å–∏–∏ 
—Ç–≤–æ–∏ —Ö—Ä–æ–º–∞—é—â–∏–µ –∏—Å—Ç–∏–Ω—ã 
–Ω–∞ —ç—Ç–æ–π –≤—ã—â–µ—Ä–±–ª–µ–Ω–Ω–æ–π –ª–µ—Å—Ç–Ω–∏—Ü–µ.",41,
2017-11-05 17:47:18,–ú–æ–∂–Ω–æ –≤ 2007üôè,12,
2017-11-05 17:47:56,"–Ø –ª—é–±–ª—é –µ–≥–æ, –∞ –æ–Ω –º–Ω–µ –∂–∏–∑–Ω—å –ª–æ–º–∞–µ—Ç, –Ω—É –Ω–∞ –ö –µ–≥–æ –∑–æ–≤—É—Ç",15,
2017-11-05 17:52:39,–ª–µ—à–∞ —Ç—ã —Ö—É–π,15,
2017-11-05 17:53:10,–û–±–æ–∂–∞—é,39,
2017-11-05 17:53:29,"–í–æ–æ–±—â–µ –Ω–µ—á–µ—Å—Ç–Ω–æ, –∞–Ω–æ–Ω–∏–º–Ω–æ –ø–∏—à—É –æ–¥–Ω–∞ —è –∏ –ø–æ—ç—Ç–æ–º—É –ø–æ–Ω—è—Ç–Ω–æ –∫—Ç–æ!!!!!!!!!!",61,
2017-11-05 17:54:19,–í–∂—É—Ö,24,
2017-11-05 17:54:54,"–∑–∞–¥–æ–ª–±–∞–ª–∏ –≤—Å–µ –º–æ–∏ –¥—Ä—É–∑—å—è,–∫–æ—Ç–æ—Ä—ã–µ –≤–µ—á–Ω–æ –≤—Ä—É—Ç –º–Ω–µ",23,
2017-11-05 17:54:56,–í—Å–µ–º –∫–∏—Å–∫–∞–º –ø–∏—Å ‚úåüèª,44,
2017-11-05 17:57:12,—è —Ç–∏—Ç—å–∫–∞,5,
2017-11-05 17:59:08,üòéüí´,36,photo
2017-11-05 17:59:17,–¢–æ –µ—Å—Ç—å –ê,4,
2017-11-05 17:59:21,"–ë–æ–π–∫–æ, —Ç–µ–±–µ —É–∂–µ –ø—Ä–∏–∑–Ω–∞–ª–∏—Å—å —Ä–æ–¥–∏—Ç–µ–ª–∏, —á—Ç–æ –∑–∞–±—Ä–∞–ª–∏ —Ç–µ–±—è –∏–∑ —Ü—ã–≥–∞–Ω—Å–∫–æ–≥–æ —Ç–∞–±–æ—Ä–∞?",2,
2017-11-05 18:01:06,"üëπ-üòê
üëª-üòê
üëΩ-üòê
üíÄ-üòê
üë∫-üòê
üè´-üòµ",5,
2017-11-05 18:01:06,"–õ—é–±–ª—é 7 –∫–ª–∞—Å—Å–Ω–∏–∫–∞, –∫–ª–∞—Å—Å",39,
2017-11-05 18:01:12,–ü–æ–ª–∏–Ω–∞ –ü–∞—É—Å—Ç–æ–≤—Å–∫–∞—è —á–º–æüíïüíï,49,
2017-11-05 18:02:14,–õ—é–±–ª—é –Ø–Ω–∫—É.‚ù§Ô∏è‚ù§Ô∏è‚ù§Ô∏è,13,
2017-11-05 18:02:37,"–ï—Å–ª–∏ —É —Ç–µ–±—è —á–∏—Å—Ç–æ–µ —Å–µ—Ä–¥—Ü–µ, —Ç—ã –≤ –±–µ–∑–æ–ø–∞—Å–Ω–æ—Å—Ç–∏.",32,
2017-11-05 18:04:21,"",23,
2017-11-05 18:05:37,"–ü—Ä–æ—Å—Ç–∏ –º–µ–Ω—è,—è –∫—É–ø–ª—é —Ç–µ–±–µ –≥—É–∞—à—åüòî",12,
2017-11-05 18:07:23,"–ò—â—É —à–ª—é—Ö—É, –ø–∏—à–∏ –≤ –ª—Å –Ω–æ–º–µ—Ä))",9,
2017-11-05 18:07:48,"–¢–µ,–∫—Ç–æ —ç—Ç–æ —á–∏—Ç–∞–µ—Ç –±—É–¥—å—Ç–µ —Å—á–∞—Å—Ç–ª–∏–≤—ã",99,
2017-11-05 18:08:33,–Ø –ª—é–±–ª—é –ê–π—Å—ã–ª—É‚ù§,43,
2017-11-05 18:08:41,–û–Ω–∞ –ø—Ä—è–º –±–ª—é–µ—Ç —Å –Ω–∏—Ö,59,
2017-11-05 18:09:21,"",37,photo
2017-11-05 18:09:29,–õ—é–±–ª—é –Ω–æ—Å–∏—Ç—å –±—É–º–∞–∂–Ω—ã–µ –ø–∞–∫–µ—Ç—ã –Ω–∞ –≥–æ–ª–æ–≤–µ –∏ —Å–æ—Ö—Ä–∞–Ω—è—Ç—å 2D –¥–µ–≤–æ—á–µ–∫,3,
2017-11-05 18:12:16,–°**–∞ —Ö–≤–∞—Ç–∏—Ç –î–†–û–ß–ò–¢–¨,4,
2017-11-05 18:12:18,–ö–∞–∫ –∂–∏–∑–Ω—å?,16,
2017-11-05 18:12:58,"–•–≤–∞—Ç–∏—Ç –≥–Ω–æ–±–∏—Ç—å –ª—é–¥–µ–π —Å –Ω–µ—Ç—Ä–∞–¥–∏—Ü–∏–æ–Ω–Ω–æ–π –æ—Ä–∏–µ–Ω—Ç–∞—Ü–∏–µ–π , —è –∑–∞ —Å–≤–æ–±–æ–¥–Ω—É—é –ª—é–±–æ–≤—å‚ù§",11,
2017-11-05 18:13:39,–õ—é–±–ª—é –Æ–ª—é,5,
2017-11-05 18:13:45,–Ø –ª—é–±–ª—é —Ç–µ–±—è,15,
2017-11-05 18:14:01,–∞–¥—Ä–µ—Å–æ–≤–∞–Ω–æ —Ç–µ–±–µ,43,photo
2017-11-05 18:17:02,–Ø –°–û–°–£ –•–£–ô,15,
2017-11-05 18:17:31,–§–∏—à—à—à—á–∏–ø—Å,111,
2017-11-05 18:17:37,–ü–£–°–¢–û–í–ò–¢ –ü–†–û–°–¢–ò–¢–£–¢–ö–ê,18,
2017-11-05 18:17:43,–ü–æ–π–¥—É —Ö—É–ª—è—Ç—å V,6,
2017-11-05 18:18:08,–ö—Ç–û –ü—Ä–û—á–ò—Ç–ê–µ–¢ –¢–æ–¢ –î–æ–õ–±–ò–∫,6,
2017-11-05 18:19:05,"–Ø –ø–∏–¥–∞—Ä–∞—Å –∫—Ä–∞—Å–Ω—ã–π, –∂–æ–ø–∞—Å—Ç—ã–π —Ö—É–π",17,
2017-11-05 18:20:28,"–î—Ä–∞—Ç—É—Ç–∏—Å–ª–∞–≤–ª—å, –≥–æ—Å–ø–æ–¥–∞, —Å–∞–ª—é—Ç!",104,
2017-11-05 18:20:37,[id422213436|–ü–æ–ª–∏–Ω–∞ –ú–∏–∫–∏—Ç–æ–Ω–æ–≤–∞] –ü—Ä–æ—Å—Ç–∏ –∑–∞ –≤—Å—ë..,9,
2017-11-05 18:20:47,–õ–µ–¥–∏ –ì–∞–≥–∞ —Ñ–æ—Ä–µ–≤–∞ üñ§,17,
2017-11-05 18:22:15,–ü—Ä–æ–¥–∞–º –∫—Ä–µ–∫ 89995848054,24,
2017-11-05 18:22:21,–ê–≥–∞! –î—Ä–æ—á–µ—à—å,20,
2017-11-05 18:23:20,–Ø –õ–Æ–ë–õ–Æ –¢–ï–ë–Ø –ì–ê–í–ù–ê –¢–´ –ö–£–°–û–ö!!!,16,
2017-11-05 18:23:50,–ù–µ–Ω–∞–≤–∏–∂—É –∂–∏–∑–Ω—å,8,
2017-11-05 18:25:29,–õ—é–±–ª—é –°–Ω–µ–∂–∞–Ω—É‚ù§,36,
2017-11-05 18:26:06,–Ø –¢–ê–ö –•–û–ß–£ –¢–ï–ë–Ø –û–¢–¢–†–ê–•–ê–¢–¨ –°–£–ö–ê –í–û –í–°–ï –©–ï–õ–ò,28,
2017-11-05 18:27:05,"–ú–æ—è —Å–µ—Å—Ç—Ä–∞ —Å—á–∏—Ç–∞–µ—Ç, —á—Ç–æ Face –ª—É—á—à–µ —Å–∞–º–æ–≥–æ –ú–∏—Ä–æ–Ω–∞ –Ø–Ω–æ–≤–∏—á–∞( –≠–π –∫–µ–π –û–∫—Å–∏–º–∏—Ä–æ–Ω–∞)",37,
2017-11-05 18:28:28,–Ø —Ç–µ–±—è –ª—é–±–ª—é!!!,11,
2017-11-05 18:28:44,–°–ª–µ–∂—É –∑–∞ —Ç–æ–±–æ–π....,10,
2017-11-05 18:28:50,"–ù–µ –ø–æ–Ω—è—Ç–Ω–æ, —ç—Ç–æ—Ç —Ä–µ–ø–æ—Ä—Ç–∞–∂ –ø–æ–ª—É—á–∏–ª—Å—è –∑–∞ –∏–ª–∏ –ø—Ä–æ—Ç–∏–≤ –ú–∞–ª—å—Ü–µ–≤–∞)))
–ö–∞–∂–µ—Ç—Å—è –∫–∞–Ω–∞–ª –†–æ—Å—Å–∏—è24 —Å–¥–µ–ª–∞–ª –µ–º—É –±–µ—Å–ø–ª–∞—Ç–Ω—É—é –ø–æ–ª–æ–∂–∏—Ç–µ–ª—å–Ω—É—é —Ä–µ–∫–ª–∞–º—É.",8,
2017-11-05 18:30:43,–°–û–§–¨–Ø –Ø–ù–Æ–¢–ò–ù–ê –ß–ï–ú–ü–ò–û–ù –ú–û–°–ö–û–í–°–ö–û–ô –û–ë–õ–ê–°–¢–ò,43,
2017-11-05 18:30:53,"‚Äî –ù–∞–¥–µ—é—Å—å –∏ –æ—Ç –º–æ–µ–≥–æ online, 
 
—É –∫–æ–≥–æ-—Ç–æ —Ç–æ–∂–µ –∑–∞–º–∏—Ä–∞–µ—Ç —Å–µ—Ä–¥—Ü–µ.üòî",11,
2017-11-05 18:31:32,"–û—Å—É—â–µ—Å—Ç–≤–∏, –Ω–∞–∫–æ–Ω–µ—Ü, –∑–∞–¥—É–º–∞–Ω–Ω–æ–µ",59,
2017-11-05 18:32:04,"–ü—Ä–ò–≤–µ–¢–∏–ö–∏, –¥–†—É–∑—è–§—Ñ–∫–∏)))))",70,
2017-11-05 18:32:18,—Ä–∞–∑–¥–≤–∞—Ç—Ä–∏,4,
2017-11-05 18:33:01,"",11,photo
2017-11-05 18:33:23,"–≠—Ç–æ –º–æ—è 2 —Å—Ç—Ä , —Å–¥–µ—Å—å —è –±—É–¥—É –∏–≥—Ä–∞—Ç—å –≤ –∞–≤–∞—Ç–∞—Ä–∏—é)",1,
2017-11-05 18:33:28,–ú–ê–†–¨–Ø–ù–ê –†–û –£–®–õ–ê –° –Æ–¢–£–ë–ê,29,
2017-11-05 18:35:31,–í—Å–µ –ª—é–±—è—Ç –ù–∞—Å—Ç–µ–π—à—É,20,
2017-11-05 18:36:44,–ü–∏–∑–¥–µ—Ü –∫–∞–∫ —Ö–æ—á—É –µ–≥–æ,18,
2017-11-05 18:37:33,"",3,photo
2017-11-05 18:38:00,"–ü–æ–¥ —ç—Ç–æ–π –º–∞—Å–∫–æ–π –Ω–µ —Ç–æ–ª—å–∫–æ –ø–ª–æ—Ç—å. –ü–æ–¥ —ç—Ç–æ–π –º–∞—Å–∫–æ–π –∏–¥–µ—è, –∞ –∏–¥–µ—è–º –ø—É–ª–∏ –Ω–µ —Å—Ç—Ä–∞—à–Ω—ã ¬© –î. –ï—Ä–æ–ø–∫–∏–Ω",28,
2017-11-05 18:38:55,–í–∏—á–∫–∞ –±–µ—à–µ–Ω–Ω–∞—è –≤—Ä–µ–¥–∏–Ω–∞),7,
2017-11-05 18:39:32,"–î–∞–Ω–∏–ª–∞ –ø–æ–ª–Ω—ã–π –ø—Ä–∏–¥—É—Ä–æ–∫ ......
–°–∏–¥–∏ –¥–∞–ª—å—à–µ –≤ —Å–≤–æ–µ–π –ö–ª—è–∑—å–º–µ.....",17,
2017-11-05 18:40:11,–¢—É–ø–∞—è —Ä–µ–¥( –ó—É–±–∞—á–µ–∫ ),31,
2017-11-05 18:41:25,–õ—é–±–ª—é —Å–º–µ—à–∞—Ä–∏–∫–∏,18,
2017-11-05 18:41:47,–í—ã –ø–∏–¥–æ—Ä—ã,9,
2017-11-05 18:42:12,–ö–ê–ü–®–£–° –õ–ò–ó–ê –ü–†–û–ì–£–õ–ò–í–ê–ï–¢ –ü–†–ê–ö–¢–ò–ö–£,22,
2017-11-05 18:42:13,–ß—Ç–æ –Ω–æ–≤–æ–≥–æ?,11,
2017-11-05 18:42:53,–ó–∞–π–∫–æ–≤–∞ –ª–æ—Ö—É—à–∫–∞ –µ–±–∞–Ω–∞—è,25,
2017-11-05 18:42:54,"–°–ª—É—à–∞–π —Ç—ã –∫–æ–Ω—å –µ–±—É—á–∏–π, —à–∞—Å —Ç—ã –¥–æ–±–∞–∑–∞—Ä–∏—à—å—Å—è!",13,
2017-11-05 18:43:01,"",9,photo
2017-11-05 18:43:31,–ø–∏–∑–¥–µ—Ü —Å–æ—Å–∞—Ç—å —Ö–æ—á—É,4,
2017-11-05 18:44:24,"–¢—ã - —Ç–∞–π–Ω–∞ –º–æ—è, –º–æ–π –≥—Ä–µ—Ö, –º–æ–π —Ä–∞–π –∏ –º–æ–π –∞–¥. –¢—ã - –º–æ–π –Ω–∞—Ä–∫–æ—Ç–∏–∫ —Ç—è–∂—ë–ª—ã–π –∏ —è –æ—Ç —Ç–µ–±—è –∑–∞–≤–∏—Å–∏–º —Ç–∞–∫, —á—Ç–æ –∏ –Ω–µ –ø–µ—Ä–µ–¥–∞—Ç—å —Å–ª–æ–≤–∞–º–∏. –¢—ã –æ–¥–Ω–∞ —Å–ø–æ—Å–æ–±–Ω–∞ –ø—Ä–µ–≤—Ä–∞—Ç–∏—Ç—å –º–æ—é –∂–∏–∑–Ω—å –≤ —Å–∞–º—É—é —Å—á–∞—Å—Ç–ª–∏–≤—É—é –≤–æ–ª—à–µ–±–Ω—É—é —Å–∫–∞–∑–∫—É, –Ω–æ —Ç—ã –∏ —Ç–æ–ª—å–∫–æ —Ç—ã –º–æ–∂–µ—à—å —Å–¥–µ–ª–∞—Ç—å –º–Ω–µ –Ω–µ–≤—ã–Ω–æ—Å–∏–º–æ –±–æ–ª—å–Ω–æ. –Ø —Ä–∞–Ω—é—Å—å –æ –Ω–µ—Ä–æ–≤–Ω—ã–µ –∫—Ä–∞—è —Ç–≤–æ–µ–π –∏–∑—Ä–∞–Ω–µ–Ω–Ω–æ–π –¥—É—à–∏. –ù–æ –ª–∏—à—å —Ç–≤–æ—ë —Å–µ—Ä–¥—Ü–µ —Å–ø–æ—Å–æ–±–Ω–æ —Å–æ–≥—Ä–µ—Ç—å –º–µ–Ω—è –≤ —Å–∞–º—ã–π —á—ë—Ä–Ω—ã–π –∏ —Ö–æ–ª–æ–¥–Ω—ã–π –¥–µ–Ω—å. –ú–Ω–µ —Å —Ç–æ–±–æ–π –±—ã–≤–∞–µ—Ç —Ö–æ—Ä–æ—à–æ –¥–æ –Ω–µ–≤–æ–∑–º–æ–∂–Ω–æ—Å—Ç–∏, –¥–æ –ø–æ–ª—ë—Ç–∞ –≤ –ö–æ—Å–º–æ—Å, –¥–æ —Ä–∞—Å—Ç–≤–æ—Ä–µ–Ω–∏—è –≤ —ç–∫—Å—Ç–∞–∑–µ –≤–æ –≤—Ä–µ–º–µ–Ω–∏ –∏ –ø—Ä–æ—Å—Ç—Ä–∞–Ω—Å—Ç–≤–µ. –ù–æ –º–Ω–µ —Å —Ç–æ–±–æ–π –∏ —Ç—è–∂–µ–ª–æ –∏ –Ω–µ–≤—ã–Ω–æ—Å–∏–º–æ —Ç—Ä—É–¥–Ω–æ. –Ø –ª—é–±–ª—é —Ç–µ–±—è –∑–∞ —ç—Ç—É –ø—Ä—è–º–æ—Ç—É –∏ —á–µ—Å—Ç–Ω–æ—Å—Ç—å, –Ω–æ –∑–∞ –Ω–µ—ë –∂–µ –∏ –Ω–µ–Ω–∞–≤–∏–∂—É. –¢—ã –æ–¥–Ω–∞ –∑–Ω–∞–µ—à—å, –∫–∞–∫–æ–π —è, –Ω–∞—Å—Ç–æ—è—â–∏–π ,–±–µ–∑ –º–∞—Å–æ–∫ –∏ –º–∏—à—É—Ä—ã –≤—Å—è–∫–æ–π. –¢—ã –ø—Ä–∏–Ω–∏–º–∞–µ—à—å –º–µ–Ω—è –ª—é–±–∏–º, –≤ –¥—É—Ä–∞—Ü–∫–æ–º –Ω–∞—Å—Ç—Ä–æ–µ–Ω–∏–∏ –∏ –≤–æ–æ–±—â–µ –±–µ–∑ –Ω–µ–≥–æ. –¢—ã –ø–æ–¥–Ω–∏–º–∞–µ—à—å –º–µ–Ω—è –Ω–∞ –≥–æ–ª–æ–≤–æ–∫—Ä—É–∂–∏—Ç–µ–ª—å–Ω—ã–µ –≤—ã—Å–æ—Ç—ã, –Ω–æ –µ—Å–ª–∏ –± –∑–Ω–∞–ª–∞ —Ç—ã, –∫–∞–∫ —Å –Ω–∏—Ö —Å—Ç—Ä–∞—à–Ω–æ –∏ –±–æ–ª—å–Ω–æ –ø–∞–¥–∞—Ç—å, –∫–æ–≥–¥–∞ —Ç—ã —Ä–µ—à–∞–µ—à—å, –º–µ–Ω—è –≤–æ—Å–ø–∏—Ç—ã–≤–∞—Ç—å. –¢—ã —É—á–∏—à—å –º–µ–Ω—è, —Ç—Ä–µ–±—É–µ—à—å, –ª–æ–º–∞–µ—à—å. –Ø –æ–±–∏–∂–∞—é—Å—å –Ω–∞ —Ç–µ–±—è, –ø–æ—Å—ã–ª–∞—é, —É—Ö–æ–∂—É –∏ —Å–Ω–æ–≤–∞ –≤–æ–∑–≤—Ä–∞—â–∞—é—Å—å, –ø–æ—Ç–æ–º—É —á—Ç–æ –±–µ–∑ —Ç–µ–±—è –Ω–∏–∫–∞–∫, –±–µ–∑ —Ç–µ–±—è –ª–æ–º–∫–∞ —Ç–∞–∫–∞—è, —á—Ç–æ —Ö–æ—á–µ—Ç—Å—è —Å–¥–æ—Ö–Ω—É—Ç—å. –¢—ã —Ç–∞, —Å –∫–µ–º –º–æ–∂–Ω–æ –º–Ω–µ —Ç–∞–∫, –∫–∞–∫ –Ω–µ–ª—å–∑—è —Å –æ—Å—Ç–∞–ª—å–Ω—ã–º–∏, –¥–∞ –∏ –Ω–µ —Ö–æ—á–µ—Ç—Å—è. –° —Ç–æ–±–æ–π –Ω–µ—Ç —Å—Ç—ã–¥–∞, –∑–∞–∂–∏–º–æ–≤ –¥—É—Ä–∞—Ü–∫–∏—Ö –∏ –ø—Ä–∞–≤–∏–ª- —Å–ø–ª–æ—à–Ω–∞—è –∏–º–ø—Ä–æ–≤–∏–∑–∞—Ü–∏—è. –Ø –Ω–∏–∫–æ–≥–¥–∞ –Ω–µ –∑–Ω–∞—é, —á—Ç–æ —Ç—ã –º–Ω–µ —Å–µ–≥–æ–¥–Ω—è –ø–æ–¥–∞—Ä–∏—à—å- –º–æ—Ä–µ –ª—é–±–≤–∏ –∏ –Ω–µ–∂–Ω–æ—Å—Ç–∏ –∏–ª–∏ –º–æ—Ä–µ —Å–ª–µ–∑. –î–∞ —è –∏ –Ω–µ —Ö–æ—á—É –∑–Ω–∞—Ç—å. –Ø –ø—Ä–æ—Å—Ç–æ —Ö–æ—á—É –±—ã—Ç—å —Å —Ç–æ–±–æ–π...",13,
2017-11-05 18:44:45,–Ω—É —á–µ –ø–∞—Ü–∞–Ω—ã –¥–æ–∂–¥–∞–ª–∏—Å—å-–ø—Ä–∏–≥–æ—Ç–æ–≤–∏–ª–∏—Å—å?,11,
2017-11-05 18:44:45,"",18,photo
2017-11-05 18:46:35,–í–æ–≤–∞ —Ö—É–µ–ø—É—Ç–∞–ª–æ,9,
2017-11-05 18:46:43,—è –¥–∏–±–∏–ª,30,
2017-11-05 18:47:47,–í—Å–µ–π –±—Ä–∞—Ç–≤–µ –ø—Ä–∏–≤–µ—Ç üëã,48,
2017-11-05 18:49:24,–ê–¥–∞–º –ø–∏–¥—Ä!111!!1! (–ú–∏—à–∞ –ê–≥–∞—Ç–æ–≤),7,
2017-11-05 18:49:33,–î–∞–≤–∞–π –±—É–¥–µ–º –≤–º–µ—Å—Ç–µ((,28,
2017-11-05 18:51:09,–°–ª–∞–¥–∫–∏—Ö —Å–Ω–æ–≤ –ª–∞–ø–æ—á–∫–∏ –∫–æ—Ç–æ—Ä—ã–µ –∏–¥—É—Ç —Å–ø–∞—Ç—åüíó,9,
2017-11-05 18:52:01,–ò –ø–æ—á–µ–º—É —Ç—ã —Ä—É—à–∏—à—å –≤—Å–µ –º–æ–∏ –ø–ª–∞–Ω—ã?–¢–∞–∫ –Ω–µ —á–µ—Å—Ç–Ω–æ!,5,
2017-11-05 18:54:11,"–≠—Ç–æ –º–æ—è —Å—É—á–∫–∞üéÅ
–ü–æ –∫–æ–º–º–µ—Ä—á–µ—Å–∫–∏–º –≤–æ–ø—Ä–æ—Å–∞–º –ø–∏—Å–∞—Ç—å –≤ –ª—Å‚ö°Ô∏è
–ü—Ä–∞–π—Å –Ω–∞ –∫—Ä–∞—Å–∞–≤–∏—Ü—É —Å–∫–∏–Ω—É –≤ –ª—Åü§ôüèº",25,photo
2017-11-05 18:55:59,–¢–≤–∞—Ä—å,10,
2017-11-05 18:56:22,"–ë–µ–∑ —Ç–≤–æ–∏—Ö –æ–±—ä—è—Ç–∏–π –¥–µ–Ω—å –∫–∞–∫ –±—É–¥—Ç–æ –Ω–µ –∑–∞–∫–æ–Ω—á–µ–Ω, –æ–Ω —Å–ª–∏—à–∫–æ–º –ø—É—Å—Ç —á—Ç–æ–±—ã –ø–æ—Å—Ç–∞–≤–∏—Ç—å —Ç–æ—á–∫—É –∏ –ø–µ—Ä–µ–ª–∏—Å—Ç–Ω—É—Ç—å —Å—Ç—Ä–∞–Ω–∏—Ü—É.",15,
2017-11-05 18:57:33,–ü—Ä–∏–≤–∫–∏,35,
2017-11-05 18:57:35,–í–æ—Ç —ç—Ç–æ –ø—Ä–∏–∫–æ–ª)),30,
2017-11-05 18:57:35,"–∫—Ä–∏—Å—Ç–∏–Ω–∞ —è —Ç–µ–±—è –ª—é–±–ª—é 
‚ù§‚ù§üòò",34,
2017-11-05 18:57:46,"–î–∞–∂–µ –∫–æ–≥–¥–∞ –¥—É—à–µ–≤–Ω—ã–µ —à—Ä–∞–º—ã –∑–∞—Ç—è–≥–∏–≤–∞—é—Ç—Å—è, –Ω–µ –æ—Ç—Å—Ç—É–ø–∞–µ—Ç –∂–µ–ª–∞–Ω–∏–µ –∏–Ω—Ç–µ—Ä–µ—Å–æ–≤–∞—Ç—å—Å—è –∂–∏–∑–Ω—å—é —Ç–µ—Ö,  –∫–æ–º—É —Ç—ã —Å—Ç–∞–ª –Ω–µ –Ω—É–∂–µ–Ω. –†–∞–±–æ—Ç–∞–µ—Ç –ª–∏ —ç—Ç–æ –Ω–∞–æ–±–æ—Ä–æ—Ç? 
 –°–∫–∞–∂–∏—Ç–µ, –ª—é–¥–∏,  –µ—Å–ª–∏ –≤—ã —É—Ö–æ–¥–∏–ª–∏ –æ—Ç –∫–æ–≥–æ-—Ç–æ —Å–∞–º–∏,  –±—ã–ª–æ –ª–∏ –≤–∞–º –¥–µ–ª–æ –¥–æ —Ç–æ–≥–æ,  –∫–∞–∫ –∂–∏–≤–µ—Ç –≤–∞—à–∞ –±—ã–≤—à–∞—è/–±—ã–≤—à–∏–π? –ó–∞–≥–ª—è–¥—ã–≤–∞–ª–∏ –ª–∏ –≤—ã —Ç–∞–π–∫–æ–º –Ω–∞ –µ–≥–æ —Å—Ç—Ä–∞–Ω–∏—á–∫—É?  –†–µ–≤–Ω–æ–≤–∞–ª –ª–∏ –∫ –Ω–æ–≤–æ–π –∂–∏–∑–Ω–∏?",93,
2017-11-05 18:57:54,–ö–∞–∫ –∂–µ –∑–∞–µ–±–∞–ª–∏ –∫–æ–ø–∏—Ä–æ–≤–∞—Ç—å —á—É–∂–∏–µ –ø–æ—Å—Ç—ã/—Ñ–æ—Ç–æ–≥—Ä–∞—Ñ–∏–∏/—Ç–µ–∫—Å—Ç—ã –∏ –≤—ã—Å—Ç–∞–≤–ª—è—Ç—å –∏—Ö –∑–∞ —Å–≤–æ–∏,8,
2017-11-05 18:58:00,–ö–∏—Ä–∏–ª–ª –í–æ–ª–∫–æ–≤ –ø—Ä–∏–¥—É—Ä–æ–∫,8,
2017-11-05 18:58:53,–õ–æ–ª —É–µ–±–∫–∏ —Ç—É–ø—ã–µ —Ö—É–∏ —Å–æ—Å–∏—Ç–µ,29,
2017-11-05 18:58:53,–õ—é–¥–∏ —É–º–∏—Ä–∞—é—Ç –æ—Ç –∞–ª–∫–æ–≥–æ–ª—è –∏ ¬´–ª–µ–≥–∫–∏—Ö¬ª –Ω–∞—Ä–∫–æ—Ç–∏–∫–æ–≤!!!! –ò —ç—Ç–æ–≥–æ –Ω–∏–∫—Ç–æ –Ω–µ –∑–Ω–∞–µ—Ç –æ–± —ç—Ç–æ–º –Ω–µ –≥–æ–≤–æ—Ä—è—Ç... —Å—á–∏—Ç–∞–µ—Ç—Å—è –∞–±—Å–æ–ª—é—Ç–Ω–æ –Ω–æ—Ä–º–∞–ª—å–Ω—ã–º –≤—ã–ø–∏—Ç—å –∏ –ø–æ–∫—É—Ä–∏—Ç—å –Ω–∏–∫—Ç–æ –Ω–µ –∑–Ω–∞–µ—Ç –∫—Ç–æ –∏–º–µ–Ω–Ω–æ –∑–∞–±–æ–ª–µ–µ—Ç –∞ –∫—Ç–æ –æ—Å—Ç–∞–Ω–µ—Ç—Å—è –∫—É–ª—å—Ç—É—Ä–Ω—ã–º –ø–æ—Ç—Ä–µ–±–∏—Ç–µ–ª–µ–º ... –Ω–∞–º –≤—Å–µ–º –≥–æ–≤–æ—Ä–∏–ª–∏ —á—Ç–æ –≥–µ—Ä–æ–∏–Ω —ç—Ç–æ –æ–ø–∞—Å–Ω–æ –∏ –Ω–µ–ª—å–∑—è –¥–∞–∂–µ –æ–¥–Ω–æ–≥–æ —Ä–∞–∑–∞ –ø—Ä–æ–±–æ–≤–∞—Ç—å... –Ω–æ –Ω–∏–∫—Ç–æ –Ω–µ –≥–æ–≤–æ—Ä–∏—Ç —á—Ç–æ –∫–∞–∂–¥—ã–π —Ç—Ä–µ—Ç–∏–π –≤—ã–ø–∏–≤–∞—é—â–∏–π —Å—Ç–∞–Ω–æ–≤–∏—Ç—Å—è –±–æ–ª—å–Ω—ã–º –∞–ª–∫–æ–≥–æ–ª–∏–∫–æ–º —á—Ç–æ –ª—é–¥–∏ –≤—Å—é –∂–∏–∑–Ω—å —Ö–æ–¥—è—Ç –æ–±–∫—É—Ä–µ–Ω–Ω—ã–µ –∏ –Ω–µ —É–º–µ—é—Ç –∂–∏—Ç—å –ø–æ—Ç–æ–º –±–µ–∑ —ç—Ç–æ–≥–æ —á—Ç–æ –æ—Ç –æ–¥–Ω–æ–∫—Ä–∞—Ç–Ω–æ–≥–æ —É–ø–æ—Ç—Ä–µ–±–ª–µ–Ω–∏—è —Ö–∏–º–∏—á–µ—Å–∫–æ–≥–æ –Ω–∞—Ä–∫–æ—Ç–∏–∫–∞ –≤—ã –º–æ–∂–µ—Ç–µ —Å–æ–π—Ç–∏ —Å —É–º–∞ –∏ –≤—ã–π—Ç–∏ –≤ –æ–∫–Ω–æ –∏–ª–∏ –∑–∞—Ä–µ–∑–∞—Ç—å –ª—é–±–æ–≥–æ —á–µ–ª–æ–≤–µ–∫–∞... –Ω–∏–∫—Ç–æ –Ω–µ –∑–Ω–∞–µ—Ç —Å–º–æ–∂–µ—Ç–µ –≤—ã —á—Ç–æ —Ä–∞–∑ –ø—Ä–∏–Ω—è—Ç—å —Ç–æ –∏–ª–∏ –∏–Ω–æ–µ –≤–µ—â–µ—Å—Ç–≤–æ –∏–ª–∏ —É–∂–µ —Å –ø–µ—Ä–≤–æ–≥–æ –ø—Ä–∏–µ–º–∞ –ª–∏—à–∏—Ç–µ—Å—å —Ä–∞—Å—Å—É–¥–∫–∞... –∏–ª–∏ –ø—Ä–æ—Å—Ç–æ —á–µ—Ä–µ–∑ 10 –ª–µ—Ç —É –≤–∞—Å –æ—Å—Ç–∞–Ω–æ–≤–∏—Ç—Å—è –∏–∑–º—É—á–µ–Ω–Ω–æ–µ —Å–µ—Ä–¥—Ü–µ –∏–ª–∏ –≤—ã –ø–æ–ª—É—á–∏—Ç–µ –Ω–µ–æ–±—Ä–∞—Ç–∏–º–æ–µ –∑–∞–±–æ–ª–µ–≤–∞–Ω–∏–µ –ø–æ—á–∏–Ω–∏ –∏–ª–∏ –æ–Ω–∫–æ–ª–æ–≥–∏—é –ø–∏—â–µ–≤–∞—Ä–∏—Ç–µ–ª—å–Ω–æ–π —Å–∏—Å—Ç–µ–º—ã... —ç—Ç–æ–π –∏–Ω—Ñ–æ—Ä–º–∞—Ü–∏–∏ –Ω–µ—Ç. –í—Å–µ —ç—Ç–æ –Ω–∞—Å—Ç–æ–ª—å–∫–æ –Ω–µ –ø—Ä–∏–Ω—è—Ç–æ –≤ –Ω–∞—à–µ–º –æ–±—â–µ—Å—Ç–≤–µ —á—Ç–æ –≤—Å–µ —Å–∫—Ä—ã–≤–∞–µ—Ç—Å—è !!!! –†–∞—Å—Å–∫–∞–∂–∏—Ç–µ —Å–≤–æ–∏–º –±–ª–∏–∑–∫–∏–º —Ä–∞—Å—Å–∫–∞–∂–∏—Ç–µ —Å–≤–æ–∏–º –¥–µ—Ç—è–º !!! –ü—Ä–µ–¥–æ—Å—Ç–µ—Ä–µ–≥–∏—Ç–µ –∏—Ö ...,122,
2017-11-05 18:58:59,–≥—ã,14,
2017-11-05 18:59:02,–±–∞–¶–∫–µ—Ç–±–æ–ª –∏–∑ –±–µ—Å—Ç,14,
2017-11-05 18:59:22,–ª—é–±–ª—é –≤–ø–∏—Å–∫–∏ –∏ –ª—ë—à—É,14,
2017-11-05 18:59:31,—É—Ä–æ–¥—ã,9,
2017-11-05 19:00:03,"–ú—ã –¥–æ–±—Ä—ã—Ö –≥—Ä–∞–∂–¥–∞–Ω –ø–æ–∑–∞–±–∞–≤–∏–º 
–ò —É –ø–æ–∑–æ—Ä–Ω–æ–≥–æ —Å—Ç–æ–ª–ø–∞ 
–ö–∏—à–∫–æ–π –ø–æ—Å–ª–µ–¥–Ω–µ–≥–æ –ø–æ–ø–∞ 
–ü–æ—Å–ª–µ–¥–Ω–µ–≥–æ —Ü–∞—Ä—è —É–¥–∞–≤–∏–º.",13,photo
2017-11-05 19:01:30,–õ–´–ú–ê–†–ï–í –ö–ê–ö–ê–®–ö–ê,7,
2017-11-05 19:03:52,"–ü–æ—Å–º–æ—Ç—Ä–∏–º –∫—Ç–æ —É–∑–Ω–∞–µ—Ç, —è –Ω–µ —Ç–µ—Ä–ø–ª—é –≥—É–ª—è–Ω—å–µ, –∏ —è –õ–£–ß–®–ò–ô –î–†–£–ì –î–∏–º—ãüòÇüëçüèø",18,
2017-11-05 19:04:23,–í—Å–µ–º –ø—Ä–∏–≤–µ—Ç,7,
2017-11-05 19:06:26,"–Ø –≤—á–µ—Ä–∞ –ø—Ä–æ—Å–Ω—É–ª—Å—è –∏ —Å–ª—É—á–∞–π–Ω–æ —Ç—Ä–∞—Ö–Ω—É–ª –∑–∞–ø–∞–¥ 
...",23,
2017-11-05 19:06:49,–õ–Æ–ë–õ–Æ –ê–ù–ì–ï–õ–ò–ù–£,44,
2017-11-05 19:07:51,"",28,photo
2017-11-05 19:09:09,"–¢–µ–±—è –∫–æ–≥–¥–∞ –µ–±–∞–ª–∏, —á—Ç–æ –Ω–∞ –∂–æ–ø–µ –Ω–∞–ø–∏—Å–∞–ª–∏?",6,
2017-11-05 19:09:26,"–°–≤–æ–±–æ–¥—É –≤–æ—Ä–∞–º, –•—É–π –º—É—Å–æ—Ä–∞–º.",26,
2017-11-05 19:12:15,—à–æ —Ü–µ –∑–∞ –∞–Ω–æ–Ω–∏–º–Ω–∞—è –¥–∏—á—å?,6,
2017-11-05 19:12:34,"–£ –º–æ–µ–≥–æ –±—ã–≤—à–µ–≥–æ —Ç–∞–∫–æ–π –º–∞–ª–µ–Ω—å–∫–∏–π —á–ª–µ–Ω, —á—Ç–æ —è —Å–Ω–∞—á–∞–ª–∞ –ø–æ–¥—É–º–∞–ª–∞, —á—Ç–æ —ç—Ç–æ —Å—Ç—Ä—É—á–∫–æ–≤—ã–π –≥–æ—Ä–æ—Ö.",24,
2017-11-05 19:12:38,"",13,photo
2017-11-05 19:12:40,–¢—É–≥–∞–π –ª–æ—Ö,31,
2017-11-05 19:13:56,DART DEBIL,38,
2017-11-05 19:14:56,"–û—á–µ–Ω—å –∫—Ä–∞—Å–∏–≤–∞—è , –æ—Å–æ–±–µ–Ω–Ω–æ —â–µ–∫–∏ . –ü–æ–º–µ–Ω—å—à–µ –º–µ–¥–≤–µ–∂–æ–Ω–æ–∫ –µ—à—å , –∞ —Ç–æ –±—É–¥–µ—à—å —Ç–æ–ª—Å—Ç–æ–π üòÇüòÇüòÇ–∏ –≤ –¥–≤–µ—Ä—å –Ω–µ –ø—Ä–æ–π–¥—ë—à—å",8,
2017-11-05 19:16:36,–ö–∞–∫ –∂–∏–∑–Ω—å?,7,
2017-11-05 19:16:43,"",18,photo
2017-11-05 19:17:24,–•–ø—Ö–∞—ç–≤—Ö–∞–∂–∞—ç–≤,11,
2017-11-05 19:18:52,—á–µ –∫–∞–∫‚úå,6,
2017-11-05 19:19:14,–í –ù–® –£–ß–ò–¢–°–Ø –°–ö–û–¢–ò–ù–ê,31,
2017-11-05 19:19:55,"",3,photo
2017-11-05 19:20:34,–ì–û–®–ê –ü–ò–î–û–†,6,
2017-11-05 19:20:50,–Ø —Å–∞–º–∞ —Å–∫—Ä—ã—Ç–Ω–æ—Å—Ç—å –µ—â—ë –Ω–∏ –∫—Ç–æ –Ω–µ –¥–æ–≥–∞–¥–∞–ª—Å—è –∫—Ç–æ —è –∞–Ω–æ–Ω–∏–º üòàüòàüòàüòéüòéüòé,170,
2017-11-05 19:20:53,—è –≥–µ–π,12,
2017-11-05 19:21:10,"–£–∂–µ –º–Ω–æ–≥–æ –ª–µ—Ç –∂–∞–ª–µ—é –æ —Å–¥–µ–ª–∞–Ω–Ω–æ–π –º–Ω–æ–π –≥–ª—É–ø–æ—Å—Ç–∏, –Ω–∞–¥–µ—é—Å—å —á–µ–ª–æ–≤–µ–∫ ,–∫–æ—Ç–æ—Ä–æ–≥–æ —è –æ–±–∏–¥–µ–ª–∞, —á–∏—Ç–∞–µ—Ç —ç—Ç–æ. 
–ü—Ä–æ—Å—Ç–∏, –º–Ω–µ –ø—Ä–∞–≤–¥–∞ –∂–∞–ª—å ,—á—Ç–æ —Ç–∞–∫ –ø–æ–ª—É—á–∏–ª–æ—Å—å. –ù–∞–¥–µ—é—Å—å —Ç—ã —Å—á–∞—Å—Ç–ª–∏–≤–∞ –∏ –±–µ–∑ –º–µ–Ω—è üòî
–°–∫–æ—Ä–µ–µ –≤—Å–µ–≥–æ –æ–Ω–∞ –Ω–∏–∫–æ–≥–¥–∞ —ç—Ç–æ –Ω–µ –ø—Ä–æ—á–∏—Ç–∞–µ—Ç",7,
2017-11-05 19:22:29,–†–£–§–ê–¢ –õ–£–£–£–ß–®–ò–ò–ô üòª‚ù§‚ù§,37,
2017-11-05 19:22:38,–î–∞–∞–∞ —É–∂ —Ç–∞–∫–æ–π –ø–∞–∫ –Ω–∞–º –Ω–µ –Ω—É–∂–µ–Ω -_-,14,
2017-11-05 19:23:41,"–Ø –æ—á–µ–Ω—å —Ç–µ–±—è –ª—é–±–ª—é, –Ω–æ —Ç—ã –Ω–µ –æ—Ç–≤–µ—á–∞–µ—à—å –≤–∑–∞–∏–º–Ω–æ—Å—Ç—å—éüòçüòî",13,
2017-11-05 19:25:01,–ø—Ä–Ω–ø–∞—Ä,13,
2017-11-05 19:27:04,–ß–µ—á–Ω—è –∫—Ä—É—Ç–æ,41,
2017-11-05 19:27:10,"–ù—É —á—Ç–æ 
–ê–Ω–æ–Ω–∏–º–Ω–æ—Å—Ç—å 
–Ø —Ö–æ—á—É —á—Ç–æ–± —Å–µ–≥–æ–¥–Ω—è —Ç–æ—Ç –∫—Ç–æ —ç—Ç–æ –ø—Ä–æ—á–µ–ª –∏–ª–∏ –ø—Ä–æ—á–ª–∞ –Ω–∞–ø–∏—Å–∞–ª(–ª–∞) —Ç–æ–º—É —á–µ–ª–æ–≤–µ–∫—É —Å –∫–æ—Ç–æ—Ä—ã–º —Ö–æ—á–µ—Ç –±—ã—Ç—å –æ–¥–Ω—É —Ñ—Ä–∞–∑—É ,,—è —Ö–æ—á—É —Å —Ç–æ–±–æ–π"" –∏ –≤—Å–µ",25,
2017-11-05 19:28:08,–Ø –¥–æ –≤–∞—Å –¥–æ–±–µ—Ä—É—Å—å!),8,
2017-11-05 19:28:35,"[id210157794|–õ–∏—Å–∫–∞] –Ω–µ –¥—É–π—Å—è –Ω–∞ –º–µ–Ω—è
–Ø –ª—é —Ç–µ–±—è ‚ù§Ô∏è",15,
2017-11-05 19:29:21,–í–°–ï–ú –ü–†–ò–í–ï–¢ –Ø –õ–Æ–ë–õ–Æ –õ–ï–¢–û,23,
2017-11-05 19:31:15,VOLK TOP DI,6,
2017-11-05 19:33:02,.....,5,
2017-11-05 19:33:29,"NAKIPELO!!!
–ß—Ç–æ —Å—Ç–∞–ª–æ —Å —ç—Ç–∏–º –º–∏—Ä–æ–º? –í—Å–µ —Ç–∞–∫ —Ä–µ–∑–∫–æ –∏–∑–º–µ–Ω–∏–ª–æ—Å—å,–≥–¥–µ –≤—Å–µ –Ω–∞—Å—Ç–æ—è—â–µ–µ?,–∫—Ç–æ –∏ —á–µ–º –Ω–∞–º–∏ —É–ø—Ä–∞–≤–ª—è–µ—Ç?,–ª—é–¥–∏ –ø–µ—Ä–µ—Å—Ç–∞–ª–∏ —Å–µ–±—è –∞–¥–µ–∫–≤–∞—Ç–Ω–æ –æ—Ü–µ–Ω–∏–≤–∞—Ç—å, –Ω–∞—Å –≤–≤–µ–ª–∏ –≤ —Ç—Ä–∞–Ω—Å –∏ –º—ã –ø–æ–¥–¥–∞–ª–∏—Å—å! 
–î–∞–≤–∞–π—Ç–µ –≤—ã–π–¥–µ–º –∏–∑ —Å–ø—è—á–∫–∏!",12,
2017-11-05 19:34:37,"–ñ–µ–Ω—è –®—É–º–∞–µ–≤ —Ö—É–π —Å–æ—Å–µ—Ç, –∞–Ω—Ç–∏—Ö–∞–π–ø",18,
2017-11-05 19:34:52,–∫–∞–∂–µ—Ç—Å—è –¥–æ —Å–∏—Ö –ø–æ—Ä –ª—é–±–ª—é —Å–≤–æ–µ–≥–æ –±—ã–≤—à–µ–≥–æ,10,
2017-11-05 19:35:55,–ö–æ–≥–¥–∞ –Ω–∞–ø–∏—Å–∞–ª –∫–∞–∫—É—é –Ω–∏–±—É–¥—å –≥–∞–¥–æ—Å—Ç—å –∏ –∑–∞–±—ã–ª –Ω–∞–∂–∞—Ç –Ω–∞ –ê–Ω–æ–Ω–∏–º–Ω–∞—è –∑–∞–ø–∏—Å—å –∏ –≤—Å–µ –ø–æ–Ω—è–ª–∏ –∫–∞–∫–æ–π —Ç—ã –¥—ç–±–∏–ª üò∂,21,photo
2017-11-05 19:36:52,–î–∏–∞–Ω–∞ –∫–∏—Å–æ–Ω—å–∫–∞,31,
2017-11-05 19:40:37,"–ü–æ—Ä–æ–π –ø–ª–æ—Ö–∏–µ –≤–µ—â–∏ —Å–ª—É—á–∞—é—Ç—Å—è —Å —Ö–æ—Ä–æ—à–∏–º–∏ –ª—é–¥—å–º–∏.
–ü–ª–æ—Ö–∏–µ –ª—é–¥–∏ —Å–ø–æ—Å–æ–±–Ω—ã –Ω–∞ —Ö–æ—Ä–æ—à–∏–µ –¥–µ–ª–∞ ...|üôä‚ù§Ô∏è",11,photo
2017-11-05 19:41:32,–õ—é–±–ª—é —Ç–µ–±—è)0)),11,
2017-11-05 19:41:40,"–Ø –ª—é–±–ª—é –∏—Ö, –Ω–µ —Å–º–æ—Ç—Ä—è –Ω–∞ —Ç–æ, —á—Ç–æ —á–∞—Å—Ç–æ —Å—Å–æ—Ä–∏–º—Å—è, –Ω–µ —á–∞—Å—Ç–æ –≤–∏–¥–∏–º—Å—è...",15,
2017-11-05 19:41:44,ctrl+f4,3,
2017-11-05 19:42:38,–õ—é–±–ª—é –†–æ–º–∞—à–∫—Éüå∏,11,
2017-11-05 19:43:22,–•—ç–ª–ª–æ—É –º–∞–π —Ñ—Ä–∏–µ–Ω–¥,6,
2017-11-05 19:44:22,–ü–µ–ø—è—á–Ω–∏–∫ —Ç—ã,9,
2017-11-05 19:44:29,"–ï—Å–ª–∏ –≤–∞—à–∏—Ö –¥—Ä—É–∑–µ–π –∑–æ–≤—É—Ç –Ø—Ä–∏–∫, –õ—ë–≤–∞, –û–ª–µ–≥ (–≠–º–∏–ª—å) –∏–ª–∏ —á—Ç–æ-—Ç–æ –±–ª–∏–∑–∫–æ–µ –∫ —ç—Ç–æ–º—É, —Ç–æ –≤–∞—à –º–æ–∑–≥ —Ç–æ—á–Ω–æ –Ω–∏–∫–æ–º—É –Ω–µ –Ω—É–∂–µ–Ω.",22,
2017-11-05 19:44:33,–ú—É–∂—á–∏–Ω—ã –≤—Å–µ—Ö –µ—â—ë —Ä–∞–∑ —Å –ø—Ä–∞–∑–¥–Ω–∏–∫–æ–º!!!,14,photo
2017-11-05 19:46:02,"–ó–Ω–∞–µ—à—å, –∞ —è —Ç–µ–±—è –ª—é–±–ª—é!",42,
2017-11-05 19:46:17,–ú–µ–Ω—è –±–µ—Å—è—Ç –º—Ä–∞–∑–∏ –∫–æ—Ç–æ—Ä—ã–µ –≤—Å–µ—Ö –≥–Ω–æ–±—è—Ç.—Ä–∞–∑–±–µ—Ä–∏—Ç–µ—Å—å –±–ª—è—Ç—å —Å–æ —Å–≤–æ–∏–º–∏ –∫–æ–º–ø–ª–µ–∫—Å–∞–º–∏!!!!!!!!!!!!!!!!!1,19,
2017-11-05 19:46:27,"",13,photo
2017-11-05 19:47:43,[id368330599|–ª—É–±–æ—Ñ—Ñ],3,
2017-11-05 19:48:25,–ê–Ω—Ç–æ–Ω –ê–≤—Å—Ç—Ä–∏–π—Å–∫–∏–π –≥–µ–π,13,
2017-11-05 19:49:17,–°–∞–Ω—è –≥–µ–π,6,
2017-11-05 19:50:52,–í—Å–µ –ª–æ—Ö–∏!!!!!!!!!!!!!!!!(–∫—Ä–æ–º–µ –º–µ–Ω—è –∏ –ø–æ–¥—Ä—É–≥–∏)üíïü§°üíï,23,
2017-11-05 19:52:24,–ú–æ–∂–Ω–æ,15,
2017-11-05 19:52:34,–ú–∞–º–∫–∞–µ–±—ã(,9,
2017-11-05 19:52:39,"",14,
2017-11-05 19:52:42,–•–æ—á—É –ø–∏—Ü—Ü—É—É—É—É—É—É—É,3,
2017-11-05 19:53:27,–ù—É –¥–æ–±–∞–≤—å –º–µ–Ω—è –ø–∂–ª—Å—Ç. üôÖüèΩ,11,
2017-11-05 19:53:41,–ö–æ–ª—è –ø–∏–¥–æ—Ä,18,
2017-11-05 19:53:49,–Ø –ø–æ—à–ª—ã–π . –ù–∞–π–¥–∏ –º–µ–Ω—è . üòªüòªüòªüòªüòªüòª,27,
2017-11-05 19:54:06,–¢–∞—é –æ—Ç —Ç–µ–±—è üòªüëåüèø,23,
2017-11-05 19:54:12,–ú–∞—Ä—Ç—ã–Ω–µ–Ω–∫–æ —à–ª—é—Ö–∞üíñ,15,
2017-11-05 19:55:10,–Ø –µ–±—É —Å–æ–±–∞–∫üê∫‚ù§Ô∏è,32,
2017-11-05 19:55:23,–î—Ä–∞—Ç—É—Ç–∏. –Ø –ê–Ω–æ–Ω–∏–º,119,
2017-11-05 19:55:25,"",7,photo
2017-11-05 19:56:02,"–¢—ã –ø–æ–Ω–µ–ª–∞ –≤—Å–µ –Ω–µ —Ç–∞–∫,—è –∑–∞–≥–∞–¥—ã–≤–∞–ª –Ω–µ —ç—Ç–æ,–Ω–µ—Ç —è –Ω–µ —Ö–æ—Ç–µ–ª –ª–µ—Ç–∞—Ç—å,—è —Ö–æ—Ç–µ–ª —É–≤–∏–¥–∏—Ç—å –Ω–µ–±–æ
–ó–∞ –±–µ—Ä–∏ –∫—Ä—ã–ª—å—è –Ω–∞–∑–∞–¥",3,
2017-11-05 19:56:25,–≤—Å–µ–º –∫–∏—Å–∫–∞–º –ø–∏—Å,9,
2017-11-05 19:58:08,"–ù—É —á—Ç–æ, –≤—Å—ë —Ö—Ä–µ–Ω–æ–≤–æ, —á—Ç–æ",7,
2017-11-05 19:58:14,"",10,
2017-11-05 19:58:31,"",9,photo
2017-11-05 20:01:04,"–õ—é–±–ª—é  [id174098692|—ç—Ç—É] —Å—É—á–∫—É.
–¢–æ–ª—å–∫–æ –º–æ—è.
–ì–∞–≤, –±–ª—è.)",3,
2017-11-05 20:01:04,–°–∫–æ—Ä–æ –∫–∞–∂–¥—ã–π –±—É–¥–µ—Ç –≥–æ–≤–æ—Ä–∏—Ç—å –æ —Ç–≤–æ–∏—Ö –≥–Ω–∏–ª—ã—Ö –ø–æ—Å—Ç—É–ø–∫–∞—Ö,8,
2017-11-05 20:01:42,"–Ø –∑–Ω–∞—é, —á—Ç–æ –º–æ–π –¥—Ä—É–≥ –∏–∑–º–µ–Ω—è–µ—Ç –∂–µ–Ω–µ. –î–æ–ª–∂–Ω–∞ –ª–∏ —è –æ–± —ç—Ç–æ–º –µ–π —Ä–∞—Å—Å–∫–∞–∑–∞—Ç—å –∏–ª–∏ —ç—Ç–æ –Ω–µ –º–æ–µ –¥–µ–ª–æ?",6,
2017-11-05 20:01:49,"–°–µ—Ä–µ–≥–∞ –ø–µ–¥–∞—Ä. –ê —Ç–µ–ø–µ—Ä—å —É–≥–∞–¥–∞–π –∫–∞–∫–æ–π :D
—Å—Ç–∞–≤–∏ –∫–ª—É—Ü–≥ –∏—Å–∏ —É–∑–Ω–∞–≤ —Å–∏–±—è",33,
2017-11-05 20:02:12,–ò–≥–Ω–∞—Ç–æ–≤ –Ω–µ –∑–∞–±—É–¥—É –Ω–∏–∫–æ–≥–¥–∞,20,
2017-11-05 20:03:11,[id102387199|–†–æ–º–∞–Ω –ö—É—Ä–∞–Ω–æ–≤] –≥–¥–µ –º–æ—è —Å–æ—Ç–∫–∞ üòÄ,12,
2017-11-05 20:03:21,–£—Ä–≤–∏–∫ —Ç—É–ø–∞—è —Å—É–∫–∞,15,
2017-11-05 20:03:24,"–ü—É—à–∏—Å—Ç—ã—Ö –∏ —Å–æ–ª–Ω–µ—á–Ω—ã—Ö –¥–Ω–µ–π –≤–∞–º, –¥–æ—Ä–æ–≥–∏–µüíõ",4,
2017-11-05 20:04:01,"",7,photo
2017-11-05 20:05:36,"",21,photo
2017-11-05 20:05:45,–ù–∞–ø–∏—Å–∞–ª –∑–∞–ø–∏—Å—å –Ω–∞ —Å—Ç—Ä–∞–Ω–∏—Ü–µ,3,
2017-11-05 20:06:30,–¢—ã –∫—Ç–æ –ø–æ –∂–∏–∑–Ω–∏?,11,
2017-11-05 20:06:35,"–ö–∞–∫ –ø–æ–∑–Ω–∞–∫–æ–º–∏—Ç—å—Å—è —Å —á–µ–ª–æ–≤–µ–∫–æ–º, —Å –∫–æ—Ç–æ—Ä—ã–º —É —Ç–µ–±—è –Ω–µ—Ç –Ω–∏—á–µ–≥–æ –æ–±—â–µ–≥–æ, –Ω–æ —Å –∫–æ—Ç–æ—Ä—ã–º —Ö–æ—Ç–µ–ª–æ—Å—å –±—ã –ø–æ–æ–±—â–∞—Ç—å—Å—è?",19,
2017-11-05 20:06:48,"",7,photo
2017-11-05 20:08:33,–µ–±–∞–ª –º–∞–º–∫—É –∞—Ä—Ç–µ–º—è —Ä–∂–∞–Ω–æ–≥–æ,9,
2017-11-05 20:08:55,–ê—Ä—Å–µ–Ω–∏–π –ø–∏–¥–æ—Ä(–∫ —Å–æ–∂–∞–ª–µ–Ω–∏—é(),8,
2017-11-05 20:09:26,*–∫—É—Å—å*,8,
2017-11-05 20:11:01,"–û–º–∞–≥–∞–¥, –≤—ã –≤—Å–µ –≥–æ–≤–Ω–æ",2,
2017-11-05 20:11:07,"–î–µ—à—ë–≤—ã–µ –ø–æ–Ω—Ç—ã –∏ –Ω–µ –±–æ–ª–µ–µ —Ç–æ–≥–æ.
–£–º—Ä–∏—Ç–µ –ø–ª–µ—Å, —Å–ª–∏—à–∫–æ–º –º–Ω–æ–≥–æ –º–Ω–∏—Ç–µ",3,
2017-11-05 20:12:42,–ì—É–∫–æ–≤ –ø–µ—Ç—É—Ö,14,
2017-11-05 20:12:48,"",,photo
2017-11-05 20:12:49,"–ë–æ–∂–µ –∫–∞–∫ –ø—Ä–∏—è—Ç–Ω–æ .. –Ø —Ç–µ–±—è –Ω–∏–∫–æ–≥–¥–∞ –Ω–µ –≤–∏–¥–µ–ª–∞ , –Ω–æ —Å–ª—ã—à–∞–ª–∞ –∏ –Ω–µ –æ–¥–∏–Ω —Ä–∞–∑ .. –û—á–µ–Ω—å —Ö–æ—á—É —Å —Ç–æ–±–æ–π –ø–æ–∑–Ω–∞–∫–æ–º–∏—Ç—å—Å—è ..–≠—Ö , –Ω–æ —ç—Ç–æ–≥–æ –Ω–µ —Å–ª—É—á–∏—Ç—Å—è .. –ù—É –ª–∞–¥–Ω–æ .. –£ –º–µ–Ω—è –ø–æ—Å–ª–µ–¥–Ω—è—è –∞–Ω–æ–Ω–∏–º–∫–∞ .. –ü–æ–º–Ω–∏ —è —Ç–µ–±—è –ª—é–±–ª—é [id390944348|üíï] –ê—Ö–∞—Ö , —ç—Ç–æ —Ç–∞–∫ –≥–ª—É–ø–æ –∑–≤—É—á–∏—Ç .. –õ–∞–¥–Ω–µ–Ω—å–∫–æ –¥–æ –Ω–æ–≤—ã—Ö –≤—Å—Ç—Ä–µ—á ü§∑üèª‚Äç‚ôÄÔ∏èü§∑üèª‚Äç‚ôÄÔ∏è",3,
2017-11-05 20:13:49,-_-,1,
2017-11-05 20:13:57,–ù–ê–°–¢–Ø –§–†–û–õ–û–í–°–ö–ê–Ø –ü–†–´–©–ê–í–´–ô –ö–£–°–û–ö –ë–ï–°–°–ú–´–°–õ–ï–ù–ù–û–ô –ü–õ–û–¢–ò,24,
2017-11-05 20:15:09,"–ñ–∏–∑–Ω—å –≤–æ—Ä–∞–º,  –±—Ä–∞—Ç—å—è!!
–§–∞—Ä—Ç–∞ –≤–æ—Ä–∞–º...–ê–£–ï",14,
2017-11-05 20:15:31,–õ—è —à–æ –±—ã –ø–æ–∫—É—à–∞—Ç—Ç,2,
2017-11-05 20:16:03,–ú–æ—á–∞–ª–∫–∞ –ø–ª—é—Å —â–µ—Ç–∫–∞ —Ä–∞–≤–Ω—è–µ—Ç—Å—è –ø–ª–µ—â—ë—Ç–∫–∞,11,
2017-11-05 20:16:45,–£–•–û–î–ò –î–í–ï–†–¨ –ó–ê–ö–†–û–ô –£ –ú–ï–ù–Ø –¢–ï–ü–ï–†–¨ –î–†–£–ì–û–ô,6,
2017-11-05 20:17:24,–¢–∞–∫ –ø–æ—á–µ–º—É –∂–µ –Ω–µ –±—É—Ö–Ω—É—Ç—å –≤ —ç—Ç–æ—Ç –¥–µ–Ω—å –æ—Å–µ–Ω–Ω–∏–π?,1,
2017-11-05 20:18:18,–¢–ê–ù–Æ–®–ö–ê - –ú–ï–°–¢–ù–ê–Ø –®–õ–Æ–®–ö–ê,14,
2017-11-05 20:18:20,"–±–ª—è,–æ–±–æ–∂–∞—é —Å–º–æ—Ç—Ä–µ—Ç—å –Ω–∞ —á–µ–ª–æ–≤–µ–∫–∞ –∫–æ—Ç–æ—Ä—ã–π —Ç–µ–±–µ —É–ª—ã–±–∞–µ—Ç—Å—è,–∞ –∑–∞ —Å–ø–∏–Ω–æ–π –ø–∏–∑–¥–µ—Ü
–ß–û –ü–ê–¶–ê–ù–´ –ê–ù–ò–ú–ï",5,
2017-11-05 20:18:36,"–Ø –≤—Å—ë –Ω–µ –º–æ–≥—É —Ç–µ–±–µ —Å–∫–∞–∑–∞—Ç—å —á—Ç–æ —Ç—ã –º–Ω–µ –æ—á–µ–Ω—å –Ω—Ä–∞–≤–∏—à—å—Å—è, —è –ª—é–±–ª—é —Ç–µ–±—è –∏ —à–∞–Ω—Å–∞ —Å–∫–∞–∑–∞—Ç—å –ø—Ä–∞–∫—Ç–∏—á–µ—Å–∫–∏ –Ω–µ—Ç. –¢–∞–∫ –≤–æ—Ç —è –ø—Ä–∏–∑–Ω–∞—é—Å—å —Ç–µ–±–µ –≤ –ª—é–±–≤–∏.
–¢—ã –Ω–∏–∫–æ–≥–¥–∞ –Ω–µ —É–∑–Ω–∞–µ—à—å –∫—Ç–æ —è.",2,
2017-11-05 20:19:12,–ì,6,
2017-11-05 20:19:23,"[id391144097|–õ—é —Ç–µ–±—è, –ø–∏–∑–¥—é–∫])))",11,
2017-11-05 20:19:49,"",3,photo
2017-11-05 20:19:52,–†—É—Ñ–∏–Ω–∞ –º–æ—è —à–ª—é—à–∫–∞üíô,3,
2017-11-05 20:21:33,"–¶–æ—Å 36 —Ç–ø -—Ö—É–µ—Å–æ—Å–∫–∏ ,–±—É–≥–∞–≥–∞",5,
2017-11-05 20:22:15,"–ö—Ç–æ, –ø–æ —Ç–≤–æ–µ–º—É –º–Ω–µ–Ω–∏—é, —Å–∞–º–∞—è –∫—Ä–∞—Å–∏–≤–∞—è –¥–µ–≤–æ—á–∫–∞ —Ç–≤–æ–µ–≥–æ –≥–æ—Ä–æ–¥–∞?",17,
2017-11-05 20:22:49,"–°—Å—ã–∫–æ—Ç–Ω–æ –ø–∏—Å–∞—Ç—å —ç—Ç–∏–º –∞–Ω–æ–Ω–∏–º–æ–º. –í–¥—Ä—É–≥ –∑–∞–≤—Ç—Ä–∞ —É—Ç—Ä–æ–º –≤—Å–µ –∏–º–µ–Ω–∞ —Ä–∞—Å–∫—Ä–æ—é—Ç? –ò —á—Ç–æ —Ç—ã –±—É–¥–µ—à—å –¥–µ–ª–∞—Ç—å? –ê –µ—Å–ª–∏ —Ç—ã –Ω–∞–ø–∏—à–µ—à—å, —á—Ç–æ —Ç—ã –Ω–µ –ª—é–±–∏—à—å –∫–∞–≤–∫–∞–∑—Ü–µ–≤? –¢–µ–±—è —Ç—É—Ç –∂–µ –Ω–∞–π–¥—É—Ç –∏ —Ä–∞–∑—ä–µ–±—É—Ç –≤ –º–∏–≥. –°—Ç—Ä–∞—à–Ω–æ –≤–µ–¥—å...",107,
2017-11-05 20:23:03,"",1,
2017-11-05 20:23:43,–•–≤–∞—Ç–∏—Ç –ø–∏—Å–∞—Ç—å –ø—Ä–æ —Å–Ω–µ–∂–æ–∫!!,1,
2017-11-05 20:24:34,"–õ—é–¥–∏,—è —Ç–æ–ø? –ù–∞–ø–∏—à–∏ –≤ –∫–æ–º–µ–Ω—Ç–∞—Ö,–∞ —è –≤ –ª—Å  –ø–ª—é—Å –Ω–∞–ø–∏—à—É—É—É—É",5,
2017-11-05 20:26:13,–ö—Ä–∏—Å—Ç–∏–Ω–∞ –ö—Ä–∞–≤—á–µ–Ω–∫–æ –ª–æ—Ö,9,
2017-11-05 20:26:17,—Ä–∞–∑–æ–±—Ä–∞—Ç—å—Å—è –≤ —Å–µ–±–µ,3,
2017-11-05 20:27:18,–ñ–æ—Ä–∞ –ø–∏–¥–æ—Ä,2,
2017-11-05 20:27:31,–î–µ—Ä–Ω—É–ª –∑–∞ –∫–∞–Ω–∞—Ç –∏ –º–∞–∫–∞–∫–∞ –ø–æ–π–º–∞–ª–∞ –∑–∞ –±–∞—Ä–∞–Ω,,
2017-11-05 20:28:16,"–õ—è, —è —Ç–∞–∫–æ–π –æ—Ö—É–µ–Ω–Ω—ã–π",1,
2017-11-05 20:28:18,–í–∏–∫–∞ –õ—ã-–≤–∞  –æ–Ω —Ç–µ–±—è –ª—é–±–∏—Ç—Ç,1,
2017-11-05 20:28:31,"–ò—Ä–∏—à–∫–∞,—Ç—ã –º–æ—ë —Å–æ–ª–Ω—Ü–µ –ª—é–±–∏–ª,–ª—é–±–ª—é,–∏ –±—É–¥—É –ª—é–±–∏—Ç—å –≤–µ—á–Ω–æ –∏—Å–∫—Ä–µ–Ω–Ω–µ —Ç–≤–æ–π –∞–Ω–æ–Ω–∏–º",2,
2017-11-05 20:28:56,"",,photo
